id,uin,title,date,parliament,arms,rec,c1,c2,cf,reviewed,amendment_to,signatures,url
61423,1676,Israel's response to Hamas atrocities and the humanitarian crisis in Gaza,2023-10-16,2019,ABSENT,ABSENT,ASSERTED,ASSERTED,ABSENT,True,,37,https://edm.parliament.uk/early-day-motion/61423
61430,1685,Protecting civilians in Gaza and Israel,2023-10-17,2019,ABSENT,ABSENT,ASSERTED,ASSERTED,CALLED_FOR,False,,95,https://edm.parliament.uk/early-day-motion/61430
61466,1719,Humanitarian ceasefire in the Israel-Gaza conflict,2023-10-25,2019,ABSENT,ABSENT,ASSERTED,ASSERTED,CALLED_FOR,True,,18,https://edm.parliament.uk/early-day-motion/61466
61468,1,Protecting civilians in Gaza and Israel,2023-11-07,2019,ABSENT,ABSENT,ASSERTED,ASSERTED,CALLED_FOR,False,,105,https://edm.parliament.uk/early-day-motion/61468
61505,26,Islamophobia Awareness Month,2023-11-08,2019,ABSENT,ABSENT,ABSENT,ABSENT,ABSENT,False,,26,https://edm.parliament.uk/early-day-motion/61505
61526,52,Immediate bilateral ceasefire in the Israel-Gaza conflict,2023-11-13,2019,ABSENT,ABSENT,ASSERTED,ASSERTED,CALLED_FOR,False,,18,https://edm.parliament.uk/early-day-motion/61526
61630,151,Medical support for children in Gaza,2023-12-04,2019,ABSENT,ABSENT,ASSERTED,ABSENT,ABSENT,False,,19,https://edm.parliament.uk/early-day-motion/61630
61654,177,Arms to Israel,2023-12-07,2019,CALLED_FOR,ABSENT,ASSERTED,ABSENT,ABSENT,True,,90,https://edm.parliament.uk/early-day-motion/61654
61661,182,UN Security Council vote on a ceasefire in Gaza,2023-12-11,2019,ABSENT,ABSENT,ASSERTED,ABSENT,CALLED_FOR,False,,11,https://edm.parliament.uk/early-day-motion/61661
61714,233,Palestinian family visa scheme,2023-12-19,2019,ABSENT,ABSENT,ASSERTED,ABSENT,ABSENT,False,,44,https://edm.parliament.uk/early-day-motion/61714
61735,254,Short-term medical evacuation of children from Gaza,2024-01-08,2019,ABSENT,ABSENT,ASSERTED,ABSENT,ABSENT,False,,51,https://edm.parliament.uk/early-day-motion/61735
61736,255,Government legal advice on Gaza,2024-01-08,2019,ABSENT,ABSENT,ASSERTED,ABSENT,ABSENT,False,,32,https://edm.parliament.uk/early-day-motion/61736
61746,264,Occupied Palestinian Territories and arms exports to Israel,2024-01-10,2019,CALLED_FOR,ABSENT,ASSERTED,ASSERTED,ABSENT,True,,12,https://edm.parliament.uk/early-day-motion/61746
61749,265,Gaza,2024-01-10,2019,ABSENT,ABSENT,ASSERTED,ABSENT,CALLED_FOR,False,,6,https://edm.parliament.uk/early-day-motion/61749
61755,271,Proceedings instituted by South Africa against the State of Israel at the International Court of Justice,2024-01-11,2019,ABSENT,ABSENT,ASSERTED,ASSERTED,CALLED_FOR,False,,24,https://edm.parliament.uk/early-day-motion/61755
61769,284,Journalists in Gaza,2024-01-16,2019,ABSENT,ABSENT,ASSERTED,ABSENT,ABSENT,False,,57,https://edm.parliament.uk/early-day-motion/61769
61771,288,Deaths of journalists in Gaza,2024-01-16,2019,ABSENT,ABSENT,ASSERTED,ABSENT,ABSENT,False,,39,https://edm.parliament.uk/early-day-motion/61771
61800,312,Dr Ofer Cassif,2024-01-22,2019,ABSENT,ABSENT,ASSERTED,ASSERTED,CALLED_FOR,False,,9,https://edm.parliament.uk/early-day-motion/61800
61804,317,Support for families of British Palestinians,2024-01-24,2019,ABSENT,ABSENT,ASSERTED,ABSENT,ABSENT,False,,37,https://edm.parliament.uk/early-day-motion/61804
61810,323,Armenian Quarter in Jerusalem,2024-01-26,2019,ABSENT,ABSENT,ASSERTED,ABSENT,ABSENT,False,,22,https://edm.parliament.uk/early-day-motion/61810
61815,327,Health workers in Gaza and the 2024 Nobel Peace Prize,2024-01-26,2019,ABSENT,ABSENT,ASSERTED,ABSENT,ABSENT,False,,31,https://edm.parliament.uk/early-day-motion/61815
61833,345,Letter from American rabbis to President Biden,2024-01-31,2019,ABSENT,ABSENT,ASSERTED,ABSENT,ABSENT,False,,5,https://edm.parliament.uk/early-day-motion/61833
61869,377,International Court of Justice Ruling on Gaza and the UK’s duties under the Genocide Convention,2024-02-07,2019,CALLED_FOR,ABSENT,ASSERTED,ASSERTED,CALLED_FOR,True,,73,https://edm.parliament.uk/early-day-motion/61869
61873,381,UK funding for the United Nations Relief and Works Agency for Palestine Refugees in the Near East,2024-02-08,2019,ABSENT,ABSENT,ASSERTED,ATTRIBUTED,ABSENT,True,,16,https://edm.parliament.uk/early-day-motion/61873
62001,504,Detention of Palestinian human rights lawyer Diala Nader Ibrahim Eideh,2024-03-13,2019,ABSENT,ABSENT,ASSERTED,ABSENT,ABSENT,False,,17,https://edm.parliament.uk/early-day-motion/62001
62002,505,Palestinians and the Researchers at Risk scheme,2024-03-13,2019,ABSENT,ABSENT,ASSERTED,ASSERTED,ABSENT,False,,21,https://edm.parliament.uk/early-day-motion/62002
62029,532,Government legal advice on Israeli Government actions and international law,2024-03-19,2019,ABSENT,ABSENT,ASSERTED,ABSENT,ABSENT,True,,46,https://edm.parliament.uk/early-day-motion/62029
62214,714,Gabriel Fares and the Welsh Three Peaks challenge,2024-05-01,2019,ABSENT,ABSENT,ASSERTED,ABSENT,CALLED_FOR,False,,10,https://edm.parliament.uk/early-day-motion/62214
62221,721,World Press Freedom Day,2024-05-02,2019,ABSENT,ABSENT,ASSERTED,ABSENT,ABSENT,True,,21,https://edm.parliament.uk/early-day-motion/62221
62233,733,Declaration to mark the visit of Father Gabriel Romanelli to Scotland,2024-05-07,2019,ABSENT,ABSENT,ABSENT,ABSENT,ABSENT,False,,16,https://edm.parliament.uk/early-day-motion/62233
62244,744,19th Joint Israeli-Palestinian Memorial Day ceremony,2024-05-13,2019,ABSENT,ABSENT,ASSERTED,ASSERTED,ABSENT,True,,17,https://edm.parliament.uk/early-day-motion/62244
62247,746,Arms sales to Israel,2024-05-13,2019,CALLED_FOR,ABSENT,ASSERTED,ABSENT,CALLED_FOR,True,,5,https://edm.parliament.uk/early-day-motion/62247
62251,748,Day for Mourning and Solidarity with Gaza,2024-05-13,2019,ABSENT,ABSENT,ASSERTED,ABSENT,ABSENT,False,,3,https://edm.parliament.uk/early-day-motion/62251
62252,749,"Scrutiny of the Secretary of State for Foreign, Commonwealth and Development Affairs and arms exports to Israel",2024-05-13,2019,CALLED_FOR,ABSENT,ASSERTED,ABSENT,CALLED_FOR,True,,29,https://edm.parliament.uk/early-day-motion/62252
62324,11,Peace in Israel and Gaza,2024-07-17,2024,ABSENT,CALLED_FOR,ASSERTED,ASSERTED,CALLED_FOR,True,,79,https://edm.parliament.uk/early-day-motion/62324
62330,14,"International Criminal Court, Gaza and the Rule of Law",2024-07-17,2024,ABSENT,ABSENT,ASSERTED,ATTRIBUTED,ABSENT,False,,45,https://edm.parliament.uk/early-day-motion/62330
62346,33,Gaza,2024-07-18,2024,CALLED_FOR,ABSENT,ASSERTED,ASSERTED,CALLED_FOR,True,,33,https://edm.parliament.uk/early-day-motion/62346
62347,34,United Nations Relief and Works Agency,2024-07-18,2024,ABSENT,ABSENT,ASSERTED,ABSENT,ABSENT,False,,31,https://edm.parliament.uk/early-day-motion/62347
62372,58,UK arms exports to Israel,2024-07-23,2024,CALLED_FOR,ABSENT,ASSERTED,ASSERTED,CALLED_FOR,True,,65,https://edm.parliament.uk/early-day-motion/62372
62386,71,Recognition of the state of Palestine,2024-07-25,2024,ABSENT,CALLED_FOR,ASSERTED,ABSENT,ABSENT,True,,23,https://edm.parliament.uk/early-day-motion/62386
62454,133,Human rights in Palestine,2024-09-03,2024,ABSENT,ABSENT,ASSERTED,ABSENT,ABSENT,False,,8,https://edm.parliament.uk/early-day-motion/62454
62537,207,Conflict in the Middle East,2024-10-07,2024,ABSENT,ABSENT,ASSERTED,ASSERTED,CALLED_FOR,False,,48,https://edm.parliament.uk/early-day-motion/62537
62538,208,Peace in the Middle East,2024-10-07,2024,CALLED_FOR,CALLED_FOR,ASSERTED,ASSERTED,CALLED_FOR,True,,64,https://edm.parliament.uk/early-day-motion/62538
62551,221,UN’s resolution on Israel’s illegal occupation of Palestine and sanctions,2024-10-08,2024,CALLED_FOR,ABSENT,ASSERTED,ABSENT,ABSENT,True,,62,https://edm.parliament.uk/early-day-motion/62551
62671,330,Support for the United Nations Relief and Works Agency,2024-10-29,2024,ABSENT,ABSENT,ASSERTED,ABSENT,ABSENT,False,,42,https://edm.parliament.uk/early-day-motion/62671
62678,338,Israeli Knesset decision to ban UNRWA,2024-10-29,2024,ABSENT,ABSENT,ASSERTED,ABSENT,ABSENT,False,,70,https://edm.parliament.uk/early-day-motion/62678
62681,341,Release of fire appliance and life-saving equipment to Palestine,2024-10-30,2024,ABSENT,ABSENT,ASSERTED,ABSENT,ABSENT,False,,35,https://edm.parliament.uk/early-day-motion/62681
62704,363,Gaza family visa scheme,2024-11-05,2024,ABSENT,ABSENT,ASSERTED,ABSENT,ABSENT,False,,41,https://edm.parliament.uk/early-day-motion/62704
62709,367,Release of Emily Damari,2024-11-05,2024,ABSENT,ABSENT,ASSERTED,ASSERTED,CALLED_FOR,False,,53,https://edm.parliament.uk/early-day-motion/62709
62777,433,Palestine Statehood (Recognition) (No. 2) Bill,2024-11-20,2024,ABSENT,CALLED_FOR,ASSERTED,ABSENT,ABSENT,True,,21,https://edm.parliament.uk/early-day-motion/62777
62795,450,Suspension of Israel from international sports competitions,2024-11-25,2024,ABSENT,ABSENT,ASSERTED,ABSENT,CALLED_FOR,False,,19,https://edm.parliament.uk/early-day-motion/62795
62906,563,"The EU and the arms trade, human rights, and the Israel-Gaza conflict",2024-12-16,2024,CALLED_FOR,CALLED_FOR,ASSERTED,ABSENT,ABSENT,True,,36,https://edm.parliament.uk/early-day-motion/62906
62928,581,Environmental impact of Israel’s bombing,2024-12-17,2024,ABSENT,ABSENT,ASSERTED,ABSENT,ABSENT,False,,15,https://edm.parliament.uk/early-day-motion/62928
62950,601,Detainment of Dr Hussam Abu Safiya,2025-01-07,2024,ABSENT,ABSENT,ASSERTED,ABSENT,ABSENT,False,,41,https://edm.parliament.uk/early-day-motion/62950
62984,633,Right to protest outside the BBC,2025-01-13,2024,ABSENT,ABSENT,ABSENT,REJECTED,ABSENT,False,,46,https://edm.parliament.uk/early-day-motion/62984
63037,682,Israeli violence in the West Bank,2025-01-22,2024,ABSENT,ABSENT,ASSERTED,ABSENT,ABSENT,True,,19,https://edm.parliament.uk/early-day-motion/63037
63055,695,Attempted removal of Ayman Odeh from the Israeli Knesset,2025-01-24,2024,ABSENT,ABSENT,ASSERTED,ASSERTED,ABSENT,False,,11,https://edm.parliament.uk/early-day-motion/63055
63122,757,Proposals to forcibly displace and ethnically cleanse Palestinians from Gaza,2025-02-05,2024,ABSENT,ABSENT,ASSERTED,ABSENT,ABSENT,False,,58,https://edm.parliament.uk/early-day-motion/63122
63125,763,US proposals for Gaza,2025-02-05,2024,ABSENT,CALLED_FOR,ASSERTED,ASSERTED,CALLED_FOR,True,,78,https://edm.parliament.uk/early-day-motion/63125
63133,757A1,Proposals to forcibly displace and ethnically cleanse Palestinians from Gaza,2025-02-06,2024,ABSENT,CALLED_FOR,ABSENT,ABSENT,ABSENT,True,63122,3,https://edm.parliament.uk/early-day-motion/63133
63158,796,Emergency Palestinian Family Visa Scheme,2025-02-12,2024,ABSENT,ABSENT,ASSERTED,ABSENT,ABSENT,True,,14,https://edm.parliament.uk/early-day-motion/63158
63224,856,West Bank,2025-02-26,2024,ABSENT,ABSENT,ASSERTED,ABSENT,ABSENT,False,,56,https://edm.parliament.uk/early-day-motion/63224
63225,857,Treatment of Israeli hostages,2025-02-26,2024,ABSENT,ABSENT,ABSENT,ASSERTED,ABSENT,False,,46,https://edm.parliament.uk/early-day-motion/63225
63231,864,Israel’s military presence in the West Bank,2025-02-27,2024,CALLED_FOR,ABSENT,ASSERTED,ABSENT,ABSENT,True,,58,https://edm.parliament.uk/early-day-motion/63231
63311,938,"Provision of essential humanitarian supplies, electricity and water sanitation in Gaza",2025-03-12,2024,CALLED_FOR,ABSENT,ASSERTED,ASSERTED,ABSENT,True,,24,https://edm.parliament.uk/early-day-motion/63311
63321,950,Royal Television Society and withdrawal of award to journalists in Gaza,2025-03-14,2024,ABSENT,ABSENT,ASSERTED,ABSENT,ABSENT,False,,21,https://edm.parliament.uk/early-day-motion/63321
63425,1050,Israeli Defence Force attacks on humanitarian workers,2025-04-02,2024,ABSENT,ABSENT,ASSERTED,ASSERTED,ABSENT,True,,73,https://edm.parliament.uk/early-day-motion/63425
63568,1186,Blockade of aid to Gaza,2025-05-01,2024,ABSENT,ABSENT,ASSERTED,ABSENT,ABSENT,False,,78,https://edm.parliament.uk/early-day-motion/63568
63607,1230,Gaza occupation proposals,2025-05-08,2024,CALLED_FOR,CALLED_FOR,ASSERTED,ASSERTED,ABSENT,True,,72,https://edm.parliament.uk/early-day-motion/63607
63644,1266,Import of goods from Israeli settlements in the Occupied Palestinian Territory,2025-05-14,2024,ABSENT,ABSENT,ASSERTED,ABSENT,ABSENT,False,,95,https://edm.parliament.uk/early-day-motion/63644
63646,1267,Jewish LGBTQ+ groups at Pride,2025-05-14,2024,ABSENT,ABSENT,ABSENT,ASSERTED,ABSENT,False,,24,https://edm.parliament.uk/early-day-motion/63646
63690,1311,Humanitarian aid into Gaza,2025-05-21,2024,ABSENT,ABSENT,ASSERTED,ABSENT,ABSENT,False,,37,https://edm.parliament.uk/early-day-motion/63690
63768,1385,Gaza (No. 2),2025-06-03,2024,CALLED_FOR,CALLED_FOR,ASSERTED,ASSERTED,ABSENT,True,,76,https://edm.parliament.uk/early-day-motion/63768
63775,1392,Madleen Freedom Flotilla Ship,2025-06-04,2024,ABSENT,ABSENT,ASSERTED,ABSENT,ABSENT,False,,73,https://edm.parliament.uk/early-day-motion/63775
63809,1424,Israel’s interception of the British-flagged Madleen boat,2025-06-09,2024,ABSENT,ABSENT,ASSERTED,ABSENT,ABSENT,False,,48,https://edm.parliament.uk/early-day-motion/63809
63843,1451,UK Government recognition of the state of Palestine,2025-06-12,2024,ABSENT,CALLED_FOR,ABSENT,ABSENT,ABSENT,True,,110,https://edm.parliament.uk/early-day-motion/63843
63862,1470,Nablus,2025-06-16,2024,ABSENT,CALLED_FOR,ASSERTED,ABSENT,ABSENT,True,,11,https://edm.parliament.uk/early-day-motion/63862
63886,1492,Military escalation between Israel and Iran,2025-06-17,2024,CALLED_FOR,ABSENT,ASSERTED,ABSENT,CALLED_FOR,True,,12,https://edm.parliament.uk/early-day-motion/63886
63888,1503,UK trade with illegal settlements in the Occupied Palestinian Territories,2025-06-18,2024,ABSENT,ABSENT,ASSERTED,ABSENT,ABSENT,False,,47,https://edm.parliament.uk/early-day-motion/63888
63973,1577,Palestine Action and the draft Terrorism Act 2000 (Proscribed Organisations) (Amendment) Order 2025,2025-07-01,2024,ABSENT,ABSENT,ASSERTED,ABSENT,ABSENT,True,,8,https://edm.parliament.uk/early-day-motion/63973
63988,1590,Proposals to resettle people from Palestine in the United Kingdom,2025-07-02,2024,ABSENT,ABSENT,ABSENT,ABSENT,ABSENT,False,,6,https://edm.parliament.uk/early-day-motion/63988
64020,1620,Ayman Odeh,2025-07-08,2024,ABSENT,ABSENT,ABSENT,ASSERTED,ABSENT,False,,26,https://edm.parliament.uk/early-day-motion/64020
64031,1666,Irish Republic and Israel,2025-07-14,2024,ABSENT,ABSENT,ABSENT,ASSERTED,ABSENT,False,,7,https://edm.parliament.uk/early-day-motion/64031
64079,1683,UK-based medical charities in Palestine,2025-07-15,2024,ABSENT,ABSENT,ASSERTED,ABSENT,ABSENT,False,,80,https://edm.parliament.uk/early-day-motion/64079
64142,1742,"Church of the Holy Family, Gaza",2025-07-22,2024,ABSENT,ABSENT,ASSERTED,ABSENT,ABSENT,False,,19,https://edm.parliament.uk/early-day-motion/64142
64152,1752,Disciplinary action against protesting students by SOAS,2025-07-22,2024,ABSENT,ABSENT,ASSERTED,ABSENT,ABSENT,True,,14,https://edm.parliament.uk/early-day-motion/64152
64205,1772,Humanitarian situation in Gaza,2025-09-01,2024,ABSENT,ABSENT,ASSERTED,ASSERTED,ABSENT,False,,53,https://edm.parliament.uk/early-day-motion/64205
64210,1782,Global Sumud Flotilla,2025-09-01,2024,ABSENT,ABSENT,ASSERTED,ABSENT,ABSENT,False,,36,https://edm.parliament.uk/early-day-motion/64210
64212,1784,Armed Forces Training Contract and Elbit Systems,2025-09-01,2024,CALLED_FOR,ABSENT,ASSERTED,ABSENT,ABSENT,True,,61,https://edm.parliament.uk/early-day-motion/64212
64218,1819,Awdah Hathaleen,2025-09-02,2024,ABSENT,ABSENT,ASSERTED,ABSENT,ABSENT,False,,11,https://edm.parliament.uk/early-day-motion/64218
64252,1849,Sanctions on Israel and International Court of Justice findings,2025-09-04,2024,CALLED_FOR,ABSENT,ASSERTED,ABSENT,ABSENT,True,,41,https://edm.parliament.uk/early-day-motion/64252
64272,1870,Mental health care in Gaza,2025-09-08,2024,CALLED_FOR,CALLED_FOR,ASSERTED,ABSENT,ABSENT,True,,45,https://edm.parliament.uk/early-day-motion/64272
64279,1877,"Statement on Palestine by children's authors, illustrators and educators",2025-09-09,2024,ABSENT,ABSENT,ASSERTED,ABSENT,ABSENT,False,,20,https://edm.parliament.uk/early-day-motion/64279
64295,1893,Obligations under the Genocide Convention towards British dual nationals,2025-09-11,2024,ABSENT,ABSENT,ASSERTED,ABSENT,ABSENT,False,,3,https://edm.parliament.uk/early-day-motion/64295
64314,1907,State visit to the UK of US President Donald Trump,2025-09-15,2024,ABSENT,ABSENT,ASSERTED,ABSENT,ABSENT,False,,10,https://edm.parliament.uk/early-day-motion/64314
64387,1980,Safety of British nationals aboard the Global Sumud Flotilla,2025-10-13,2024,ABSENT,ABSENT,ASSERTED,ABSENT,ABSENT,False,,21,https://edm.parliament.uk/early-day-motion/64387
64550,2156,Treatment of Professor Michael Ben-Gad,2025-10-27,2024,ABSENT,ABSENT,ABSENT,ASSERTED,ABSENT,False,,7,https://edm.parliament.uk/early-day-motion/64550
64589,2170,Palestine Action,2025-10-29,2024,ABSENT,ABSENT,ABSENT,ABSENT,ABSENT,False,,25,https://edm.parliament.uk/early-day-motion/64589
64733,2301,President Trump’s 20-point peace plan,2025-11-17,2024,ABSENT,ABSENT,ASSERTED,ASSERTED,ABSENT,False,,43,https://edm.parliament.uk/early-day-motion/64733
64816,2376,Israel’s use of cluster munitions,2025-11-26,2024,CALLED_FOR,ABSENT,ASSERTED,ABSENT,ABSENT,True,,52,https://edm.parliament.uk/early-day-motion/64816
64832,2392,Marjorie Bahhaj,2025-12-01,2024,ABSENT,ABSENT,ASSERTED,ABSENT,ABSENT,False,,9,https://edm.parliament.uk/early-day-motion/64832
64865,2427,Palestinian children in Israeli military detention,2025-12-03,2024,ABSENT,ABSENT,ASSERTED,ABSENT,ABSENT,False,,43,https://edm.parliament.uk/early-day-motion/64865
64922,2471,Union of Agricultural Work Committees in the Occupied West Bank,2025-12-15,2024,ABSENT,ABSENT,ASSERTED,ABSENT,ABSENT,False,,31,https://edm.parliament.uk/early-day-motion/64922
65057,2619,Deregistration of international non-governmental organisations in the Occupied Palestinian Territories,2026-01-14,2024,ABSENT,ABSENT,ASSERTED,ABSENT,ABSENT,False,,73,https://edm.parliament.uk/early-day-motion/65057
65227,2782,International Humanitarian Law,2026-02-11,2024,ABSENT,ABSENT,ASSERTED,ABSENT,ABSENT,True,,12,https://edm.parliament.uk/early-day-motion/65227
65236,2791,Israeli settlements in the occupied West Bank,2026-02-11,2024,ABSENT,ABSENT,ASSERTED,ABSENT,ABSENT,False,,60,https://edm.parliament.uk/early-day-motion/65236
65286,2822,Government response to Israel’s West Bank annexation plan,2026-02-23,2024,CALLED_FOR,ABSENT,ASSERTED,ABSENT,ABSENT,True,,84,https://edm.parliament.uk/early-day-motion/65286
65353,2904,Cancer care in Gaza,2026-03-05,2024,ABSENT,ABSENT,ASSERTED,ABSENT,ABSENT,False,,22,https://edm.parliament.uk/early-day-motion/65353
65383,2933,New United Nations Convention on the Protection of Journalists and Media Professionals,2026-03-10,2024,ABSENT,ABSENT,ASSERTED,ABSENT,ABSENT,False,,26,https://edm.parliament.uk/early-day-motion/65383
65406,2955,Closure of Al-Aqsa Mosque during Ramadan,2026-03-12,2024,CALLED_FOR,ABSENT,ASSERTED,ABSENT,ABSENT,True,,42,https://edm.parliament.uk/early-day-motion/65406
65474,3018,Anniversary of the Tel al-Sultan aid worker massacre,2026-03-23,2024,ABSENT,ABSENT,ASSERTED,ABSENT,ABSENT,True,,21,https://edm.parliament.uk/early-day-motion/65474
65488,3033,Archbishop Hosam and Gaza,2026-03-24,2024,ABSENT,ABSENT,ASSERTED,ABSENT,ABSENT,True,,6,https://edm.parliament.uk/early-day-motion/65488
65491,3030,Escalating settler violence in the West Bank,2026-03-24,2024,ABSENT,ABSENT,ASSERTED,ABSENT,ABSENT,False,,11,https://edm.parliament.uk/early-day-motion/65491
65566,3066,Israeli death penalty law and military courts,2026-04-13,2024,ABSENT,ABSENT,ASSERTED,ABSENT,ABSENT,False,,31,https://edm.parliament.uk/early-day-motion/65566
65580,3084,Palestinian Nakba commemoration march,2026-04-13,2024,ABSENT,ABSENT,ABSENT,ABSENT,ABSENT,False,,39,https://edm.parliament.uk/early-day-motion/65580
65614,3158,Israel’s treatment of Palestinian prisoners,2026-04-16,2024,CALLED_FOR,ABSENT,ASSERTED,ABSENT,ABSENT,True,,44,https://edm.parliament.uk/early-day-motion/65614
65741,75,Two-state solution in Israel and Palestine,2026-05-13,2024,ABSENT,ABSENT,ASSERTED,ASSERTED,ABSENT,True,,56,https://edm.parliament.uk/early-day-motion/65741
65742,76,UK arms sales to Israel,2026-05-13,2024,CALLED_FOR,ABSENT,ASSERTED,ASSERTED,ABSENT,True,,52,https://edm.parliament.uk/early-day-motion/65742
65753,80,78 years of the Palestinian Nakba,2026-05-13,2024,CALLED_FOR,ABSENT,ASSERTED,ABSENT,ABSENT,True,,48,https://edm.parliament.uk/early-day-motion/65753
65865,148,Israel death penalty,2026-05-19,2024,ABSENT,ABSENT,ASSERTED,ABSENT,ABSENT,True,,36,https://edm.parliament.uk/early-day-motion/65865
65886,169,Interception of Global Sumud Flotilla vessels in international waters,2026-05-20,2024,ABSENT,ABSENT,ASSERTED,ASSERTED,CALLED_FOR,False,,30,https://edm.parliament.uk/early-day-motion/65886
65892,175,Safety of British nationals following the interception of the Global Sumud Flotilla,2026-05-20,2024,ABSENT,ABSENT,ASSERTED,ABSENT,ABSENT,False,,41,https://edm.parliament.uk/early-day-motion/65892
65965,218,Government response to Israel’s actions in the West Bank and Gaza,2026-06-01,2024,CALLED_FOR,ABSENT,ASSERTED,ABSENT,ABSENT,True,,62,https://edm.parliament.uk/early-day-motion/65965
66053,327,Palestinian children in Israeli military detention,2026-06-09,2024,ABSENT,ABSENT,ASSERTED,ABSENT,ABSENT,False,,36,https://edm.parliament.uk/early-day-motion/66053
65769,344,UK trade with illegal settlements in the Occupied Palestinian Territories,2026-06-11,2024,ABSENT,ABSENT,ASSERTED,ABSENT,ABSENT,False,,26,https://edm.parliament.uk/early-day-motion/65769
66163,443,Antisemitic hostility,2026-06-24,2024,ABSENT,ABSENT,ABSENT,ASSERTED,ABSENT,False,,6,https://edm.parliament.uk/early-day-motion/66163
66183,486,Technology companies and crimes against Palestinians,2026-06-29,2024,ABSENT,ABSENT,ASSERTED,ABSENT,ABSENT,False,,49,https://edm.parliament.uk/early-day-motion/66183
66186,461,Arrest of Dr Mazen Al-Rantisi and Israeli action against Palestinian civil society,2026-06-29,2024,ABSENT,ABSENT,ASSERTED,ABSENT,ABSENT,False,,44,https://edm.parliament.uk/early-day-motion/66186
66221,502,Tent of Nations Nassar family farm,2026-07-01,2024,ABSENT,ABSENT,ASSERTED,ABSENT,ABSENT,False,,25,https://edm.parliament.uk/early-day-motion/66221
66235,511,UN Independent International Commission of Inquiry on the Occupied Palestinian Territory,2026-07-02,2024,CALLED_FOR,ABSENT,ASSERTED,ABSENT,CALLED_FOR,True,,27,https://edm.parliament.uk/early-day-motion/66235
66252,527,Impact of Israel’s ingress into Palestinian territory on maternal care,2026-07-06,2024,ABSENT,ABSENT,ASSERTED,ABSENT,ABSENT,False,,32,https://edm.parliament.uk/early-day-motion/66252
66364,643,Detention of Dr Hussam Abu Safiya,2026-07-15,2024,ABSENT,ABSENT,ASSERTED,ABSENT,ABSENT,True,,19,https://edm.parliament.uk/early-day-motion/66364
66371,614,International Court of Justice's July 2024 Advisory Opinion on the Occupied Palestinian Territories,2026-07-15,2024,CALLED_FOR,ABSENT,ASSERTED,ABSENT,ABSENT,True,,64,https://edm.parliament.uk/early-day-motion/66371
66384,657,Killing of Mohamed Fawaz al-Wahidi,2026-07-16,2024,ABSENT,ABSENT,ASSERTED,ABSENT,CALLED_FOR,False,,12,https://edm.parliament.uk/early-day-motion/66384
66469,732,E1 settlement project and international law,2026-09-02,2024,ABSENT,ABSENT,ASSERTED,ABSENT,ABSENT,False,,14,https://edm.parliament.uk/early-day-motion/66469
66489,752,Welcoming environment in Northern Ireland,2026-09-07,2024,ABSENT,ABSENT,ABSENT,ASSERTED,ABSENT,True,,5,https://edm.parliament.uk/early-day-motion/66489
66503,766,Withdrawal of Israeli athletes from the Europe Triathlon in Northern Ireland,2026-09-08,2024,ABSENT,ABSENT,ABSENT,ASSERTED,ABSENT,False,,3,https://edm.parliament.uk/early-day-motion/66503
66565,824,Coventry City Council contract with Palantir Technologies,2026-09-14,2024,ABSENT,ABSENT,ASSERTED,ABSENT,ABSENT,False,,10,https://edm.parliament.uk/early-day-motion/66565
