member_id,name,party_latest,seat_2019_parliament,seat_2024_parliament,gss_code_2024,contributions,on_topic,claim1_asserted,claim2_asserted,on_topic_2024_parl,claim1_2024_parl,claim2_2024_parl,arms_called_for,arms_opposed,recognition_called_for,recognition_opposed,recognition_called_before_1sep2025,ceasefire_called_for,ceasefire_opposed,main_role_2024_parl,edm_on_topic_2024_parl,edm_signed_recognition_before_uk,edm_signed_arms,hand_check,recognition_called_for_after_hand_check,arms_called_for_after_hand_check,arms_opposed_after_hand_check
5142,Abtisam Mohamed,Labour,,Sheffield Central,E14001467,30,24,22,0,24,22,0,1,0,1,0,1,2,0,backbench,24,1,1,,1,1,0
5191,Adam Dance,Liberal Democrat,,Yeovil,E14001603,2,2,2,0,2,2,0,0,0,0,0,0,0,0,backbench,24,1,1,,0,0,0
1522,Adam Holloway,Conservative,Gravesham,,,1,1,0,1,0,0,0,0,0,0,0,0,0,0,,0,0,0,,0,0,0
5168,Adam Jogee,Labour,,Newcastle-under-Lyme,E14001380,4,2,2,1,2,2,1,0,0,1,0,1,2,0,backbench,1,0,0,,1,0,0
5044,Adam Thompson,Labour,,Erewash,E14001228,1,0,0,0,0,0,0,0,0,0,0,0,0,0,,0,0,0,,0,0,0
5320,Adrian Ramsay,Green Party,,Waveney Valley,E14001569,9,5,5,0,5,5,0,0,0,0,0,0,0,0,opposition,64,1,1,,0,0,0
4671,Afzal Khan,Labour,"Manchester, Gorton",Manchester Rusholme,E14001353,30,28,26,4,10,9,1,3,0,3,0,1,6,0,backbench,1,1,0,recognition CALLED_FOR: CONFIRMED; arms_exports CALLED_FOR: CONFIRMED,3,3,0
5235,Al Carns,Labour,,Birmingham Selly Oak,E14001099,3,1,0,0,1,0,0,0,0,0,0,0,0,0,government,0,0,0,,0,0,0
4470,Alan Brown,Scottish National Party,Kilmarnock and Loudoun,,,14,14,11,2,0,0,0,1,0,0,0,0,3,0,,0,0,0,,0,1,0
5185,Alan Gemmell,Labour,,Central Ayrshire,S14000109,2,2,2,0,2,2,0,0,0,0,0,0,0,0,backbench,0,0,0,,0,0,0
5080,Alan Strickland,Labour,,Newton Aycliffe and Spennymoor,E14001382,1,0,0,0,0,0,0,0,0,0,0,0,0,0,,0,0,0,,0,0,0
4439,Alberto Costa,Conservative,,South Leicestershire,E14001488,1,0,0,0,0,0,0,0,0,0,0,0,0,0,,0,0,0,,0,0,0
5173,Alex Baker,Labour,,Aldershot,E14001063,6,1,1,1,1,1,1,0,0,0,0,0,1,0,backbench,0,0,0,,0,0,0
5238,Alex Ballinger,Labour,,Halesowen,E14001261,15,9,9,0,9,9,0,0,0,1,0,1,0,0,backbench,0,0,0,recognition CALLED_FOR: CONFIRMED,1,0,0
4613,Alex Burghart,Conservative,,Brentwood and Ongar,E14001125,1,0,0,0,0,0,0,0,0,0,0,0,0,0,,0,0,0,,0,0,0
4122,Alex Cunningham,Labour,Stockton North,,,4,3,3,0,0,0,0,0,0,0,0,0,0,0,,0,0,0,,0,0,0
4849,Alex Davies-Jones,Labour,Pontypridd,,,4,1,0,1,0,0,0,0,0,0,0,0,0,0,,0,0,0,,0,0,0
5262,Alex Easton,Independent,,North Down,N05000013,1,1,1,1,1,1,1,0,0,0,0,0,0,0,backbench,2,0,0,,0,0,0
5349,Alex McIntyre,Labour,,Gloucester,E14001248,3,3,3,1,3,3,1,0,0,0,0,0,0,0,backbench,0,0,0,,0,0,0
4641,Alex Norris,Labour,Nottingham North,Nottingham North and Kimberley,E14001411,3,2,1,0,1,0,0,0,0,0,0,0,0,0,government,0,0,0,,0,0,0
4658,Alex Sobel,Labour,Leeds North West,Leeds Central and Headingley,E14001319,18,16,14,2,9,9,2,0,0,2,0,1,1,0,backbench,1,0,1,,2,0,0
4866,Alexander Stafford,Conservative,Rother Valley,,,3,3,0,3,0,0,0,0,0,0,0,0,1,0,,0,0,0,,0,0,0
5133,Alice Macdonald,Labour,,Norwich North,E14001408,6,6,6,1,6,6,1,0,0,0,0,0,1,0,backbench,0,0,0,,0,0,0
4805,Alicia Kearns,Conservative,Rutland and Melton,Rutland and Stamford,E14001458,20,12,10,8,1,1,1,0,0,0,0,0,2,0,opposition,0,0,0,,0,0,0
5283,Alison Bennett,Liberal Democrat,,Mid Sussex,E14001366,2,2,2,0,2,2,0,0,0,0,0,0,0,0,opposition,17,1,1,,0,0,0
5254,Alison Hume,Labour,,Scarborough and Whitby,E14001461,3,1,1,0,1,1,0,0,0,0,0,0,0,0,backbench,0,0,0,,0,0,0
4083,Alison McGovern,Labour,Wirral South,,,3,3,3,0,0,0,0,0,0,0,0,0,0,0,,0,0,0,,0,0,0
4430,Alison Thewliss,Scottish National Party,Glasgow Central,,,16,13,12,3,0,0,0,1,0,0,0,0,5,0,,0,0,0,,0,1,0
5000,Alistair Strathern,Labour,,Hitchin,E14001289,3,3,3,0,3,3,0,0,0,0,0,0,0,0,backbench,0,0,0,,0,0,0
4740,Allan Dorans,Scottish National Party,"Ayr, Carrick and Cumnock",,,4,4,4,1,0,0,0,1,0,0,0,0,1,0,,0,0,0,,0,1,0
4086,Alun Cairns,Conservative,Vale of Glamorgan,,,1,1,0,1,0,0,0,0,0,0,0,0,0,0,,0,0,0,,0,0,0
4738,Alyn Smith,Scottish National Party,Stirling,,,3,3,3,0,0,0,0,0,0,0,0,0,1,0,,0,0,0,,0,0,0
5294,Amanda Martin,Labour,,Portsmouth North,E14001431,3,0,0,0,0,0,0,0,0,0,0,0,0,0,,0,0,0,,0,0,0
4770,Amy Callaghan,Scottish National Party,East Dunbartonshire,,,6,5,4,2,0,0,0,0,0,0,0,0,4,0,,0,0,0,,0,0,0
4601,Andrew Bowie,Conservative,,West Aberdeenshire and Kincardine,S14000111,2,0,0,0,0,0,0,0,0,0,0,0,0,0,,0,0,0,,0,0,0
4133,Andrew Bridgen,Independent,North West Leicestershire,,,8,7,5,4,0,0,0,0,0,0,0,0,0,0,,0,0,0,,0,0,0
5195,Andrew Cooper,Labour,,Mid Cheshire,E14001361,2,0,0,0,0,0,0,0,0,0,0,0,0,0,,0,0,0,,0,0,0
227,Andrew George,Liberal Democrat,,St Ives,E14001511,22,21,19,4,21,19,4,6,0,2,0,1,1,0,backbench,70,1,1,,2,6,0
1506,Andrew Gwynne,Labour,Denton and Reddish,,,20,19,13,7,0,0,0,0,0,2,0,1,6,0,,3,1,1,,2,0,0
3996,Andrew Jones,Conservative,Harrogate and Knaresborough,,,5,5,3,1,0,0,0,0,0,0,0,0,0,0,,0,0,0,,0,0,0
5061,Andrew Lewin,Labour,,Welwyn Hatfield,E14001573,3,0,0,0,0,0,0,0,0,0,0,0,0,0,,0,0,0,,0,0,0
5243,Andrew Pakes,Labour,,Peterborough,E14001425,19,17,17,13,17,17,13,0,0,4,0,1,5,0,backbench,0,0,0,,4,0,0
3939,Andrew Percy,Conservative,Brigg and Goole,,,25,24,0,24,0,0,0,0,1,0,0,0,1,2,,0,0,0,,0,0,1
1447,Andrew Rosindell,Reform UK,,Romford,E14001448,3,1,1,1,1,1,1,0,0,0,0,0,0,0,opposition,2,0,0,,0,0,0
1453,Andrew Selous,Conservative,South West Bedfordshire,,,12,11,10,3,0,0,0,0,0,0,0,0,3,0,,0,0,0,,0,0,0
4979,Andrew Western,Labour,Stretford and Urmston,,,3,3,2,0,0,0,0,0,0,0,0,0,2,0,,0,0,0,,0,0,0
1427,Andy Burnham,Labour,,Makerfield,E14001350,2,2,1,0,2,1,0,0,0,0,0,0,0,0,government,0,0,0,,0,0,0
4269,Andy McDonald,Labour,Middlesbrough,Middlesbrough and Thornaby East,E14001367,46,43,40,6,35,32,5,12,0,7,0,1,5,0,backbench,33,1,1,,7,12,0
1516,Andy Slaughter,Labour,Hammersmith,Hammersmith and Chiswick,E14001264,57,50,44,5,24,23,0,2,0,11,0,1,8,0,backbench,0,0,0,,11,2,0
4356,Angela Rayner,Labour,Ashton-under-Lyne,Ashton-under-Lyne,E14001070,9,9,5,8,5,5,4,1,0,0,0,0,3,0,government,0,0,0,arms_exports CALLED_FOR: REJECTED,0,0,0
1546,Angus Brendan MacNeil,Independent,Na h-Eileanan an Iar,,,7,5,4,1,0,0,0,0,0,1,0,1,4,0,,0,0,0,,1,0,0
5177,Ann Davies,Plaid Cymru,,Caerfyrddin,W07000087,4,4,4,0,4,4,0,2,0,0,0,0,0,0,backbench,63,1,1,,0,2,0
5281,Anna Dixon,Labour,,Shipley,E14001472,7,6,6,2,6,6,2,0,0,0,0,0,1,0,backbench,0,0,0,,0,0,0
4936,Anna Firth,Conservative,Southend West,,,6,4,2,2,0,0,0,0,0,0,0,0,1,0,,0,0,0,,0,0,0
4632,Anna McMorrin,Labour,Cardiff North,Cardiff North,W07000090,2,1,1,1,0,0,0,0,0,0,0,0,0,0,,0,0,0,,0,0,0
5286,Anna Sabine,Liberal Democrat,,Frome and East Somerset,E14001241,4,4,3,0,4,3,0,0,0,0,0,0,0,0,opposition,19,1,1,,0,0,0
4437,Anne McLaughlin,Scottish National Party,Glasgow North East,,,4,3,3,1,0,0,0,0,0,0,0,0,1,0,,0,0,0,,0,0,0
4657,Anneliese Dodds,Labour,,Oxford East,E14001419,214,202,168,32,202,168,32,0,0,1,0,1,27,0,government,0,0,0,recognition CALLED_FOR: REJECTED,0,0,0
4762,Anthony Mangnall,Conservative,Totnes,,,3,1,0,1,0,0,0,0,0,0,0,0,0,0,,0,0,0,,0,0,0
4833,Antony Higginbotham,Conservative,Burnley,,,4,3,1,2,0,0,0,0,0,0,0,0,0,0,,0,0,0,,0,0,0
5241,Aphra Brandreth,Conservative,,Chester South and Eddisbury,E14001164,6,2,0,2,2,0,2,0,0,0,0,0,0,0,backbench,0,0,0,,0,0,0
4790,Apsana Begum,Labour,Poplar and Limehouse,Poplar and Limehouse,E14001430,34,26,24,3,13,13,1,9,0,0,0,0,7,0,backbench,55,1,1,arms_exports CALLED_FOR: CONFIRMED; recognition ABSENT: NONE MISSED,0,9,0
5357,Ayoub Khan,Independent,,Birmingham Perry Barr,E14001098,41,30,22,4,30,22,4,5,0,5,0,1,0,0,backbench,67,1,1,recognition CALLED_FOR: CONFIRMED; arms_exports CALLED_FOR: CONFIRMED,5,5,0
5176,Baggy Shanker,Labour,,Derby South,E14001194,1,0,0,0,0,0,0,0,0,0,0,0,0,0,,0,0,0,,0,0,0
4610,Bambos Charalambous,Labour,,Southgate and Wood Green,E14001503,6,3,3,0,3,3,0,0,0,0,0,0,0,0,backbench,0,0,0,,0,0,0
328,Baroness Beckett,Labour,Derby South,,,1,1,0,0,0,0,0,0,0,0,0,0,0,1,,0,0,0,,0,0,0
1583,Baroness Brown of Silvertown,Labour,West Ham,,,3,2,2,0,0,0,0,0,0,0,0,0,0,0,,0,0,0,,0,0,0
4098,Baroness Coffey,Conservative,Suffolk Coastal,,,1,1,1,1,0,0,0,0,0,0,0,0,0,0,,0,0,0,,0,0,0
4127,Baroness Elliott of Whitburn Bay,Labour,Sunderland Central,,,10,9,9,1,0,0,0,0,0,0,0,0,0,0,,0,0,0,,0,0,0
140,Baroness Hodge of Barking,Labour,Barking,,,9,9,5,7,0,0,0,0,0,0,0,0,1,0,,0,0,0,,0,0,0
1588,Baroness Keeley,Labour,Worsley and Eccles South,,,3,3,3,1,0,0,0,0,0,0,0,0,1,0,,0,0,0,,0,0,0
4668,Baroness Maclean of Redditch,Conservative,Redditch,,,2,2,1,2,0,0,0,0,0,0,0,0,0,0,,0,0,0,,0,0,0
8,Baroness May of Maidenhead,Conservative,Maidenhead,,,1,1,0,1,0,0,0,0,0,0,0,0,0,0,,0,0,0,,0,0,0
4401,Baroness Prentis of Banbury,Conservative,Banbury,,,15,15,7,4,0,0,0,0,0,0,0,0,2,0,,0,0,0,,0,0,0
146,Barry Gardiner,Labour,Brent North,Brent West,E14001123,12,7,5,2,5,4,1,1,0,0,0,0,1,0,backbench,1,0,1,recognition ABSENT: NONE MISSED,0,1,0
4764,Bell Ribeiro-Addy,Labour,Streatham,Clapham and Brixton Hill,E14001175,13,10,9,0,9,8,0,5,0,1,0,1,2,0,backbench,35,1,1,,1,5,0
5205,Ben Goldsborough,Labour,,South Norfolk,E14001489,2,0,0,0,0,0,0,0,0,0,0,0,0,0,,0,0,0,,0,0,0
4630,Ben Lake,Plaid Cymru,Ceredigion,Ceredigion Preseli,W07000093,16,10,9,0,9,8,0,0,0,0,0,0,0,0,backbench,68,1,1,,0,0,0
5350,Ben Maguire,Liberal Democrat,,North Cornwall,E14001385,4,3,3,0,3,3,0,1,0,1,0,1,0,0,opposition,22,1,1,,1,1,0
5089,Ben Obese-Jecty,Conservative,,Huntingdon,E14001298,7,0,0,0,0,0,0,0,0,0,0,0,0,0,,0,0,0,,0,0,0
4809,Beth Winter,Labour,Cynon Valley,,,17,16,14,1,0,0,0,3,0,0,0,0,10,0,,0,0,0,,0,3,0
4061,Bill Esterson,Labour,,Sefton Central,E14001463,3,0,0,0,0,0,0,0,0,0,0,0,0,0,,0,0,0,,0,0,0
5076,Blair McDougall,Labour,,East Renfrewshire,S14000021,3,3,3,3,3,3,3,0,0,0,0,0,1,0,backbench,0,0,0,,0,0,0
5100,Blake Stephenson,Conservative,,Mid Bedfordshire,E14001359,1,0,0,0,0,0,0,0,0,0,0,0,0,0,,0,0,0,,0,0,0
4005,Bob Blackman,Conservative,Harrow East,Harrow East,E14001270,94,68,9,63,42,7,38,0,1,0,0,0,9,1,backbench,3,0,0,arms_exports OPPOSED: CONFIRMED,0,0,1
4681,Bob Seely,Conservative,Isle of Wight,,,5,3,1,3,0,0,0,0,0,1,0,1,0,0,,0,0,0,,1,0,0
3919,Bob Stewart,Independent,Beckenham,,,1,0,0,0,0,0,0,0,0,0,0,0,0,0,,0,0,0,,0,0,0
5083,Bobby Dean,Liberal Democrat,,Carshalton and Wallington,E14001153,4,3,3,1,3,3,1,1,0,1,0,1,0,0,opposition,1,1,1,,1,1,0
5186,Bradley Thomas,Conservative,,Bromsgrove,E14001138,2,2,0,2,2,0,2,0,0,0,0,0,0,0,backbench,0,0,0,,0,0,0
4756,Brendan Clarke-Smith,Conservative,Bassetlaw,,,1,1,0,0,0,0,0,0,0,0,0,0,0,0,,0,0,0,,0,0,0
4371,Brendan O'Hara,Scottish National Party,Argyll and Bute,"Argyll, Bute and South Lochaber",S14000067,75,62,57,13,30,28,4,19,2,3,0,1,14,0,opposition,31,1,1,,3,19,2
5196,Brian Leishman,Labour,,Alloa and Grangemouth,S14000064,19,13,11,0,13,11,0,1,0,0,0,0,1,0,backbench,44,1,1,,0,1,0
5214,Brian Mathew,Liberal Democrat,,Melksham and Devizes,E14001356,10,5,3,2,5,3,2,0,0,1,0,1,0,0,backbench,27,1,1,,1,0,0
5346,Calum Miller,Liberal Democrat,,Bicester and Woodstock,E14001090,36,29,28,16,29,28,16,6,0,10,0,1,8,0,opposition,23,1,1,,10,6,0
5354,Cameron Thomas,Liberal Democrat,,Tewkesbury,E14001542,4,2,1,0,2,1,0,0,0,1,0,1,0,0,backbench,11,1,1,,1,0,0
5102,Carla Denyer,Green Party,,Bristol Central,E14001131,13,9,9,2,9,9,2,4,0,0,0,0,0,0,opposition,60,1,1,,0,4,0
4857,Carla Lockhart,Democratic Unionist Party,Upper Bann,Upper Bann,N05000017,6,4,0,4,3,0,3,0,0,0,0,0,0,0,backbench,3,0,0,,0,0,0
4443,Carol Monaghan,Scottish National Party,Glasgow North West,,,10,9,9,2,0,0,0,1,0,0,0,0,2,0,,0,0,0,,0,1,0
3930,Caroline Lucas,Green Party,"Brighton, Pavilion",,,12,11,11,4,0,0,0,2,0,0,0,0,6,0,,0,0,0,,0,2,0
5216,Caroline Voaden,Liberal Democrat,,South Devon,E14001484,14,12,12,0,12,12,0,2,0,4,0,1,1,0,opposition,19,1,1,,4,2,0
5293,Cat Eccles,Labour,,Stourbridge,E14001524,6,2,2,0,2,2,0,0,0,0,0,0,0,0,backbench,16,1,1,,0,0,0
4436,Cat Smith,Labour,Lancaster and Fleetwood,Lancaster and Wyre,E14001318,7,7,6,0,4,3,0,1,0,1,0,1,0,0,backbench,22,1,1,,1,1,0
5143,Catherine Atkinson,Labour,,Derby North,E14001193,1,0,0,0,0,0,0,0,0,0,0,0,0,0,,0,0,0,,0,0,0
5291,Catherine Fookes,Labour,,Monmouthshire,W07000101,4,4,4,0,4,4,0,1,0,1,0,1,0,0,backbench,0,0,0,,1,1,0
4125,Catherine McKinnell,Labour,Newcastle upon Tyne North,,,1,1,1,1,0,0,0,0,0,0,0,0,0,0,,0,0,0,,0,0,0
4523,Catherine West,Labour,Hornsey and Wood Green,Hornsey and Friern Barnet,E14001293,57,52,40,16,50,38,15,0,0,0,0,0,2,0,government,0,0,0,,0,0,0
5169,Charlie Dewhirst,Conservative,,Bridlington and The Wolds,E14001127,2,1,0,0,1,0,0,0,0,0,0,0,0,0,backbench,0,0,0,,0,0,0
5325,Charlie Maynard,Liberal Democrat,,Witney,E14001591,5,5,4,0,5,4,0,4,0,0,0,0,0,0,backbench,13,1,1,,0,4,0
5182,Charlotte Cane,Liberal Democrat,,Ely and East Cambridgeshire,E14001224,1,1,1,0,1,1,0,0,0,0,0,0,0,0,backbench,26,1,1,,0,0,0
4799,Charlotte Nichols,Labour,Warrington North,,,2,1,0,1,0,0,0,0,0,0,0,0,0,0,,0,0,0,,0,0,0
4758,Cherilyn Mackrory,Conservative,Truro and Falmouth,,,3,1,0,0,0,0,0,0,0,0,0,0,0,0,,0,0,0,,0,0,0
5109,Chris Bloore,Labour,,Redditch,E14001441,1,0,0,0,0,0,0,0,0,0,0,0,0,0,,0,0,0,,0,0,0
1446,Chris Bryant,Labour,Rhondda,Rhondda and Ogmore,W07000107,15,9,7,4,7,6,2,0,0,0,0,0,1,0,government,0,0,0,,0,0,0
4835,Chris Clarkson,Conservative,Heywood and Middleton,,,5,5,0,3,0,0,0,0,0,0,0,0,0,0,,0,0,0,,0,0,0
5198,Chris Coghlan,Liberal Democrat,,Dorking and Horley,E14001201,8,2,1,1,2,1,1,0,0,0,0,0,0,0,backbench,21,1,1,,0,0,0
4572,Chris Elmore,Labour,,Bridgend,W07000086,5,3,3,0,3,3,0,0,0,0,0,0,0,0,government,0,0,0,,0,0,0
5244,Chris Hinchliff,Independent,,North East Hertfordshire,E14001393,2,2,1,0,2,1,0,0,0,0,0,0,0,0,backbench,14,1,1,,0,0,0
4403,Chris Law,Scottish National Party,Dundee West,Dundee Central,S14000075,30,29,25,0,19,16,0,6,0,4,0,1,3,0,opposition,53,1,1,,4,6,0
5116,Chris McDonald,Labour,,Stockton North,E14001518,1,0,0,0,0,0,0,0,0,0,0,0,0,0,,0,0,0,,0,0,0
5245,Chris Murray,Labour,,Edinburgh East and Musselburgh,S14000078,12,9,8,0,9,8,0,0,0,0,0,0,1,0,backbench,0,0,0,,0,0,0
4503,Chris Philp,Conservative,Croydon South,Croydon South,E14001187,15,12,4,11,3,1,3,0,0,0,0,0,1,0,opposition,0,0,0,,0,0,0
4463,Chris Stephens,Scottish National Party,Glasgow South West,,,14,14,10,4,0,0,0,1,0,0,0,0,4,0,,0,0,0,,0,1,0
5237,Chris Vince,Labour,,Harlow,E14001267,4,0,0,0,0,0,0,0,0,0,0,0,0,0,,0,0,0,,0,0,0
5276,Chris Ward,Labour,,Brighton Kemptown and Peacehaven,E14001129,1,0,0,0,0,0,0,0,0,0,0,0,0,0,,0,0,0,,0,0,0
5025,Chris Webb,Labour,,Blackpool South,E14001105,2,0,0,0,0,0,0,0,0,0,0,0,0,0,,1,0,0,,0,0,0
4871,Christian Wakeford,Labour,Bury South,,,8,7,1,6,0,0,0,0,0,0,0,0,1,0,,0,0,0,,0,0,0
4634,Christine Jardine,Liberal Democrat,Edinburgh West,Edinburgh West,S14000082,19,13,10,11,7,5,6,0,0,4,0,1,4,0,opposition,29,1,1,,4,0,0
4827,Claire Hanna,Social Democratic & Labour Party,Belfast South,Belfast South and Mid Down,N05000003,11,10,10,3,5,5,1,4,0,3,0,1,1,0,backbench,31,1,1,,3,4,0
5306,Claire Hazelgrove,Labour,,Filton and Bradley Stoke,E14001237,1,0,0,0,0,0,0,0,0,0,0,0,0,0,,0,0,0,,0,0,0
5113,Claire Hughes,Labour,,Bangor Aberconwy,W07000083,1,1,1,0,1,1,0,0,0,0,0,0,0,0,backbench,0,0,0,,0,0,0
5140,Claire Young,Liberal Democrat,,Thornbury and Yate,E14001545,3,1,1,0,1,1,0,0,0,0,0,0,0,0,backbench,22,1,1,,0,0,0
4848,Claudia Webbe,Independent,Leicester East,,,7,6,6,2,0,0,0,2,0,0,0,0,4,0,,0,0,0,,0,2,0
165,Clive Efford,Labour,Eltham,Eltham and Chislehurst,E14001223,16,14,13,6,6,5,3,3,0,0,0,0,3,0,backbench,1,0,0,,0,3,0
5207,Clive Jones,Liberal Democrat,,Wokingham,E14001593,6,6,5,0,6,5,0,0,0,0,0,0,0,0,opposition,32,1,1,,0,0,0
4500,Clive Lewis,Labour,Norwich South,Norwich South,E14001409,5,3,2,0,2,1,0,1,0,0,0,0,0,0,backbench,23,1,1,,0,1,0
4846,Colum Eastwood,Social Democratic & Labour Party,Foyle,,,9,7,7,3,0,0,0,0,0,1,0,1,5,0,,29,1,1,,1,0,0
5273,Connor Naismith,Labour,,Crewe and Nantwich,E14001185,1,0,0,0,0,0,0,0,0,0,0,0,0,0,,2,1,0,,0,0,0
104,Crispin Blunt,Conservative,Reigate,,,5,5,5,2,0,0,0,0,0,0,0,0,2,0,,0,0,0,,0,0,0
4769,Daisy Cooper,Liberal Democrat,St Albans,St Albans,E14001507,9,3,2,1,2,1,1,0,0,0,0,0,0,0,opposition,23,1,1,,0,0,0
491,Dame Angela Eagle,Labour,Wallasey,Wallasey,E14001561,3,0,0,0,0,0,0,0,0,0,0,0,0,0,,0,0,0,,0,0,0
4008,Dame Caroline Dinenage,Conservative,,Gosport,E14001252,1,1,0,1,1,0,1,0,0,0,0,0,0,0,backbench,0,0,0,,0,0,0
4124,Dame Chi Onwurah,Labour,Newcastle upon Tyne Central,Newcastle upon Tyne Central and West,E14001377,31,28,23,10,17,13,7,0,0,0,0,0,4,0,backbench,0,0,0,recognition ABSENT: NONE MISSED,0,0,0
1533,Dame Diana Johnson,Labour,Kingston upon Hull North,,,8,7,2,4,0,0,0,0,0,0,0,0,0,0,,0,0,0,,0,0,0
4107,Dame Harriett Baldwin,Conservative,West Worcestershire,West Worcestershire,E14001579,8,5,2,5,4,2,4,0,0,0,0,0,0,0,opposition,0,0,0,,0,0,0
4110,Dame Karen Bradley,Conservative,Staffordshire Moorlands,Staffordshire Moorlands,E14001514,4,1,0,0,0,0,0,0,0,0,0,0,0,0,,0,0,0,,0,0,0
1480,Dame Maria Miller,Conservative,Basingstoke,,,1,0,0,0,0,0,0,0,0,0,0,0,0,0,,0,0,0,,0,0,0
1524,Dame Meg Hillier,Labour,,Hackney South and Shoreditch,E14001260,8,4,3,0,4,3,0,0,0,0,0,0,0,0,backbench,0,0,0,,0,0,0
1541,Dame Nia Griffith,Labour,Llanelli,,,1,1,1,0,0,0,0,0,0,0,0,0,0,0,,0,0,0,,0,0,0
193,Dame Siobhain McDonagh,Labour,,Mitcham and Morden,E14001371,1,0,0,0,0,0,0,0,0,0,0,0,0,0,,0,0,0,,0,0,0
76,Damian Green,Conservative,Ashford,,,1,1,0,0,0,0,0,0,0,0,0,0,0,0,,0,0,0,,0,0,0
3969,Damian Hinds,Conservative,East Hampshire,,,4,1,0,1,0,0,0,0,0,0,0,0,0,0,,0,0,0,,0,0,0
5010,Damien Egan,Labour,,Bristol North East,E14001133,7,4,1,2,4,1,2,0,0,0,0,0,0,0,backbench,0,0,0,,0,0,0
5172,Dan Aldridge,Labour,,Weston-super-Mare,E14001581,1,1,1,0,1,1,0,0,0,0,0,0,0,0,backbench,0,0,0,,0,0,0
4651,Dan Carden,Labour,,Liverpool Walton,E14001339,3,0,0,0,0,0,0,0,0,0,0,0,0,0,,0,0,0,,0,0,0
4243,Dan Jarvis,Labour,Barnsley Central,Barnsley North,E14001074,56,37,5,3,36,5,2,0,0,0,0,0,0,0,government,0,0,0,,0,0,0
5282,Dan Tomlinson,Labour,,Chipping Barnet,E14001169,4,3,2,2,3,2,2,0,0,0,0,0,1,0,backbench,0,0,0,,0,0,0
5184,Daniel Francis,Labour,,Bexleyheath and Crayford,E14001089,1,1,1,0,1,1,0,0,0,0,0,0,0,0,backbench,0,0,0,,0,0,0
5339,Danny Beales,Labour,,Uxbridge and South Ruislip,E14001558,4,4,3,1,4,3,1,0,0,0,0,0,0,0,backbench,0,0,0,,0,0,0
4858,Danny Kruger,Reform UK,,East Wiltshire,E14001217,4,2,0,2,2,0,2,0,0,0,1,0,0,0,opposition,0,0,0,,0,0,0
5270,Darren Paffey,Labour,,Southampton Itchen,E14001499,3,2,1,1,2,1,1,0,0,1,0,1,1,0,backbench,0,0,0,,1,0,0
4736,Dave Doogan,Scottish National Party,Angus,Angus and Perthshire Glens,S14000065,15,9,8,3,2,2,0,0,0,0,0,0,2,0,opposition,20,1,1,,0,0,0
5126,Dave Robertson,Labour,,Lichfield,E14001335,2,0,0,0,0,0,0,0,0,0,0,0,0,0,,0,0,0,,0,0,0
5106,David Burton-Sampson,Labour,,Southend West and Leigh,E14001502,3,1,1,0,1,1,0,0,0,0,0,0,0,0,backbench,0,0,0,,0,0,0
5284,David Chadwick,Liberal Democrat,,"Brecon, Radnor and Cwm Tawe",W07000085,5,3,3,0,3,3,0,1,0,0,0,0,0,0,opposition,22,1,1,,0,1,0
373,David Davis,Conservative,Haltemprice and Howden,Goole and Pocklington,E14001250,3,2,1,1,1,0,0,0,0,0,0,0,0,1,backbench,0,0,0,,0,0,0
4606,David Duguid,Conservative,Banff and Buchan,,,2,2,1,1,0,0,0,0,0,0,0,0,1,0,,0,0,0,,0,0,0
4640,David Linden,Scottish National Party,Glasgow East,,,9,8,5,1,0,0,0,1,0,3,0,1,4,0,,0,0,0,,3,1,0
1512,David Mundell,Conservative,,"Dumfriesshire, Clydesdale and Tweeddale",S14000074,11,5,3,1,5,3,1,0,0,0,0,0,0,0,backbench,0,0,0,,0,0,0
5360,David Pinto-Duschinsky,Labour,,Hendon,E14001279,2,0,0,0,0,0,0,0,0,0,0,0,0,0,,0,0,0,,0,0,0
5347,David Reed,Conservative,,Exmouth and Exeter East,E14001232,5,0,0,0,0,0,0,0,0,0,0,0,0,0,,0,0,0,,0,0,0
4033,David Rutley,Conservative,Macclesfield,,,59,56,38,12,0,0,0,0,1,0,0,0,7,0,,0,0,0,,0,0,1
4872,David Simmonds,Conservative,"Ruislip, Northwood and Pinner","Ruislip, Northwood and Pinner",E14001454,8,6,2,4,0,0,0,0,0,0,0,0,0,1,,0,0,0,,0,0,0
5218,David Smith,Labour,,North Northumberland,E14001397,4,4,1,0,4,1,0,0,0,0,0,0,0,0,backbench,0,0,0,,0,0,0
5348,David Taylor,Labour,,Hemel Hempstead,E14001278,8,2,0,1,2,0,1,0,0,0,0,0,0,0,backbench,0,0,0,,0,0,0
5151,David Williams,Labour,,Stoke-on-Trent North,E14001521,2,1,1,0,1,1,0,0,0,0,0,0,0,0,backbench,0,0,0,,0,0,0
1489,Dawn Butler,Labour,Brent Central,Brent East,E14001122,18,16,14,9,10,9,5,4,0,3,0,1,3,0,backbench,11,1,1,recognition CALLED_FOR: CONFIRMED; arms_exports CALLED_FOR: CONFIRMED,3,4,0
4212,Debbie Abrahams,Labour,Oldham East and Saddleworth,Oldham East and Saddleworth,E14001415,56,49,37,8,30,23,3,4,0,2,0,1,10,0,backbench,4,1,1,recognition CALLED_FOR: CONFIRMED,2,4,0
4417,Deidre Brock,Scottish National Party,Edinburgh North and Leith,,,11,8,5,2,0,0,0,0,0,0,0,0,2,0,,0,0,0,,0,0,0
5075,Deirdre Costigan,Labour,,Ealing Southall,E14001209,6,6,5,1,6,5,1,0,0,1,0,0,0,0,backbench,0,0,0,recognition ABSENT: NONE MISSED,1,0,0
429,Derek Twigg,Labour,Halton,Widnes and Halewood,E14001584,6,0,0,0,0,0,0,0,0,0,0,0,0,0,,0,0,0,,0,0,0
4007,Dominic Raab,Conservative,Esher and Walton,,,3,1,0,1,0,0,0,0,0,0,0,0,0,0,,0,0,0,,0,0,0
5057,Douglas McAllister,Labour,,West Dunbartonshire,S14000106,11,9,7,0,9,7,0,1,0,0,0,0,1,0,backbench,8,0,1,,0,1,0
4627,Douglas Ross,Conservative,Moray,,,1,1,0,1,0,0,0,0,0,0,0,0,0,0,,0,0,0,,0,0,0
5288,Dr Al Pinkerton,Liberal Democrat,,Surrey Heath,E14001532,8,2,2,1,2,2,1,1,0,0,0,0,0,0,opposition,25,1,1,,0,1,0
5334,Dr Allison Gardner,Labour,,Stoke-on-Trent South,E14001522,2,1,1,0,1,1,0,0,0,0,0,0,0,0,backbench,0,0,0,,0,0,0
1466,Dr Andrew Murrison,Conservative,South West Wiltshire,South West Wiltshire,E14001498,33,17,6,8,17,6,8,0,0,0,1,0,0,0,backbench,0,0,0,,0,0,0
4785,Dr Ben Spencer,Conservative,,Runnymede and Weybridge,E14001456,5,2,1,1,2,1,1,0,0,0,0,0,0,0,opposition,0,0,0,,0,0,0
4592,Dr Caroline Johnson,Conservative,,Sleaford and North Hykeham,E14001476,1,0,0,0,0,0,0,0,0,0,0,0,0,0,,0,0,0,,0,0,0
5304,Dr Danny Chambers,Liberal Democrat,,Winchester,E14001587,2,2,2,0,2,2,0,1,0,1,0,1,0,0,opposition,22,1,1,,1,1,0
5249,Dr Ellie Chowns,Green Party,,North Herefordshire,E14001395,50,40,34,3,40,34,3,10,0,3,0,1,3,0,opposition,87,1,1,,3,10,0
5259,Dr Jeevun Sandher,Labour,,Loughborough,E14001342,3,2,2,0,2,2,0,0,0,0,0,0,1,0,backbench,0,0,0,,0,0,0
4860,Dr Kieran Mullan,Conservative,Crewe and Nantwich,Bexhill and Battle,E14001088,2,1,0,1,0,0,0,0,0,0,0,0,0,0,,0,0,0,,0,0,0
5269,Dr Lauren Sullivan,Labour,,Gravesham,E14001254,1,1,1,0,1,1,0,0,0,0,0,0,0,0,backbench,0,0,0,,0,0,0
4412,Dr Lisa Cameron,Conservative,"East Kilbride, Strathaven and Lesmahagow",,,1,1,0,1,0,0,0,0,0,0,0,0,0,0,,0,0,0,,0,0,0
4781,Dr Luke Evans,Conservative,Bosworth,Hinckley and Bosworth,E14001288,2,1,1,0,0,0,0,0,0,0,0,0,0,0,,0,0,0,,0,0,0
4006,Dr Matthew Offord,Conservative,Hendon,,,13,8,0,8,0,0,0,0,0,0,1,0,0,1,,0,0,0,,0,0,0
4853,Dr Neil Hudson,Conservative,Penrith and The Border,,,3,3,2,2,0,0,0,0,0,0,0,0,0,0,,0,0,0,,0,0,0
5197,Dr Neil Shastri-Hurst,Conservative,,Solihull West and Shirley,E14001479,4,1,0,0,1,0,0,0,0,0,0,0,0,0,backbench,0,0,0,,0,0,0
5163,Dr Peter Prinsley,Labour,,Bury St Edmunds and Stowmarket,E14001146,18,15,8,8,15,8,8,0,0,0,0,0,1,0,backbench,1,0,0,,0,0,0
4385,Dr Philippa Whitford,Scottish National Party,Central Ayrshire,,,1,1,1,0,0,0,0,1,0,0,0,0,0,0,,0,0,0,,0,1,0
4573,Dr Rosena Allin-Khan,Labour,Tooting,Tooting,E14001550,16,15,15,3,9,9,0,1,0,1,0,1,4,0,backbench,0,0,0,,1,1,0
5352,Dr Roz Savage,Liberal Democrat,,South Cotswolds,E14001482,4,2,1,0,2,1,0,1,0,1,0,0,0,0,backbench,27,1,1,,1,1,0
4511,Dr Rupa Huq,Labour,Ealing Central and Acton,Ealing Central and Acton,E14001207,24,22,21,10,11,11,6,2,0,0,0,0,6,0,backbench,0,0,0,recognition ABSENT: NONE MISSED,0,2,0
5212,Dr Scott Arthur,Labour,,Edinburgh South West,S14000081,12,6,5,1,6,5,1,0,0,0,0,0,0,0,backbench,0,0,0,,0,0,0
5030,Dr Simon Opher,Labour,,Stroud,E14001529,4,3,2,0,3,2,0,0,0,0,0,0,0,0,backbench,24,1,1,,0,0,0
5213,Dr Zubir Ahmed,Labour,,Glasgow South West,S14000088,12,11,9,1,11,9,1,0,0,0,0,0,1,0,backbench,3,0,0,,0,0,0
4467,Drew Hendry,Scottish National Party,"Inverness, Nairn, Badenoch and Strathspey",,,6,6,6,0,0,0,0,1,0,0,0,0,2,0,,0,0,0,,0,1,0
4784,Duncan Baker,Conservative,North Norfolk,,,1,1,1,0,0,0,0,0,0,0,0,0,0,0,,0,0,0,,0,0,0
188,Ed Davey,Liberal Democrat,Kingston and Surbiton,Kingston and Surbiton,E14001312,26,18,16,9,14,12,5,0,0,4,0,1,7,0,backbench,2,1,1,,4,0,0
1510,Ed Miliband,Labour,,Doncaster North,E14001200,15,8,7,0,8,7,0,0,0,0,0,0,0,0,government,0,0,0,,0,0,0
4362,Edward Argar,Conservative,,Melton and Syston,E14001357,1,1,1,0,1,1,0,0,0,0,0,0,0,0,backbench,0,0,0,,0,0,0
5326,Edward Morello,Liberal Democrat,,West Dorset,E14001575,11,5,4,0,5,4,0,0,0,1,0,0,0,0,backbench,21,1,1,,1,0,0
4620,Ellie Reeves,Labour,,Lewisham West and East Dulwich,E14001333,2,2,2,0,2,2,0,0,0,0,0,0,0,0,government,0,0,0,,0,0,0
5139,Emily Darlington,Labour,,Milton Keynes Central,E14001369,7,6,5,0,6,5,0,0,0,0,0,0,1,0,backbench,0,0,0,,0,0,0
1536,Emily Thornberry,Labour,Islington South and Finsbury,Islington South and Finsbury,E14001306,45,30,22,8,28,20,7,0,0,1,0,1,3,0,backbench,0,0,0,recognition CALLED_FOR: CONFIRMED,1,0,0
5029,Emma Foody,Labour,,Cramlington and Killingworth,E14001183,1,0,0,0,0,0,0,0,0,0,0,0,0,0,,0,0,0,,0,0,0
4645,Emma Hardy,Labour,Kingston upon Hull West and Hessle,,,13,13,10,1,0,0,0,0,0,1,0,1,3,0,,0,0,0,,1,0,0
4277,Emma Lewell,Labour,South Shields,South Shields,E14001492,6,3,3,1,0,0,0,0,0,0,0,0,1,0,,1,0,0,,0,0,0
4084,Esther McVey,Conservative,,Tatton,E14001539,2,0,0,0,0,0,0,0,0,0,0,0,0,0,,0,0,0,,0,0,0
5110,Euan Stainbank,Labour,,Falkirk,S14000083,2,2,1,0,2,1,0,0,0,0,0,0,0,0,backbench,8,0,1,,0,0,0
415,Fabian Hamilton,Labour,,Leeds North East,E14001321,1,1,1,0,1,1,0,0,0,0,0,0,0,0,backbench,0,0,0,,0,0,0
4821,Felicity Buchan,Conservative,Kensington,,,1,1,0,0,0,0,0,0,0,0,0,0,0,0,,0,0,0,,0,0,0
4822,Feryal Clark,Labour,Enfield North,,,1,1,1,1,0,0,0,0,0,0,0,0,0,0,,0,0,0,,0,0,0
4788,Fleur Anderson,Labour,Putney,Putney,E14001434,13,12,10,1,4,4,0,0,0,1,0,1,1,0,backbench,0,0,0,,1,0,0
4870,Florence Eshalomi,Labour,Vauxhall,Vauxhall and Camberwell Green,E14001559,35,31,29,9,18,17,6,2,0,0,0,0,5,0,backbench,0,0,0,,0,2,0
5183,Frank McNally,Labour,,Coatbridge and Bellshill,S14000070,4,3,3,0,3,3,0,0,0,2,0,1,0,0,backbench,2,1,0,,2,0,0
5174,Fred Thomas,Labour,,Plymouth Moor View,E14001426,1,0,0,0,0,0,0,0,0,0,0,0,0,0,,0,0,0,,0,0,0
5296,Freddie van Mierlo,Liberal Democrat,,Henley and Thame,E14001280,3,3,3,0,3,3,0,0,0,1,0,1,0,0,backbench,25,1,1,,1,0,0
4798,Gareth Bacon,Conservative,Orpington,Orpington,E14001417,2,2,0,2,1,0,1,0,0,0,0,0,0,0,opposition,0,0,0,,0,0,0
4850,Gareth Davies,Conservative,,Grantham and Bourne,E14001253,5,5,2,1,5,2,1,0,1,0,1,0,0,0,opposition,0,0,0,,0,0,1
4595,Gareth Snell,Labour,,Stoke-on-Trent Central,E14001520,5,0,0,0,0,0,0,0,0,0,0,0,0,0,,0,0,0,,0,0,0
177,Gareth Thomas,Labour,Harrow West,Harrow West,E14001271,8,8,8,3,5,5,0,0,0,0,0,0,2,0,backbench,0,0,0,,0,0,0
4420,Gavin Newlands,Scottish National Party,Paisley and Renfrewshire North,,,15,14,13,6,0,0,0,2,1,0,0,0,1,0,,0,0,0,,0,2,1
4360,Gavin Robinson,Democratic Unionist Party,,Belfast East,N05000001,1,0,0,0,0,0,0,0,0,0,0,0,0,0,,2,0,0,,0,0,0
3934,George Eustice,Conservative,Camborne and Redruth,,,1,1,1,1,0,0,0,0,0,0,0,0,0,0,,0,0,0,,0,0,0
609,George Galloway,Workers Party of Britain,Bradford West,,,10,6,5,0,0,0,0,2,0,0,0,0,0,0,,0,0,0,,0,2,0
5250,Gideon Amos,Liberal Democrat,,Taunton and Wellington,E14001540,2,0,0,0,0,0,0,0,0,0,0,0,0,0,,19,1,1,,0,0,0
4571,Gill Furniss,Labour,"Sheffield, Brightside and Hillsborough",Sheffield Brightside and Hillsborough,E14001466,4,4,3,1,2,2,0,1,0,0,0,0,1,0,backbench,6,1,1,,0,1,0
4680,Gillian Keegan,Conservative,Chichester,,,1,1,0,1,0,0,0,0,0,0,0,0,0,0,,0,0,0,,0,0,0
5189,Gordon McKee,Labour,,Glasgow South,S14000087,3,3,2,0,3,2,0,0,0,0,0,0,0,0,backbench,0,0,0,,0,0,0
5275,Graeme Downie,Labour,,Dunfermline and Dollar,S14000076,3,2,1,1,2,1,1,0,0,0,0,0,0,0,backbench,0,0,0,,0,0,0
5277,Graham Leadbitter,Scottish National Party,,"Moray West, Nairn and Strathspey",S14000098,5,3,2,0,3,2,0,1,0,1,0,1,0,0,opposition,28,1,1,,1,1,0
449,Graham Stringer,Labour,Blackley and Broughton,Blackley and Middleton South,E14001103,4,2,0,2,2,0,2,0,0,0,0,0,0,0,backbench,0,0,0,,0,0,0
1482,Graham Stuart,Conservative,,Beverley and Holderness,E14001087,3,1,0,1,1,0,1,0,0,0,0,0,0,0,backbench,0,0,0,,0,0,0
3973,Grahame Morris,Labour,Easington,,,3,2,2,1,0,0,0,0,0,1,0,1,1,0,,17,1,1,,1,0,0
1582,Grant Shapps,Conservative,Welwyn Hatfield,,,71,43,16,23,0,0,0,0,0,0,0,0,1,1,,0,0,0,,0,0,0
4778,Greg Smith,Conservative,Buckingham,Mid Buckinghamshire,E14001360,45,35,0,33,17,0,15,0,1,0,0,0,0,5,opposition,0,0,0,,0,0,1
5167,Gregor Poynton,Labour,,Livingston,S14000095,3,2,2,1,2,2,1,0,0,0,0,0,1,0,backbench,0,0,0,,0,0,0
5351,Gregory Stafford,Conservative,,Farnham and Bordon,E14001234,4,1,1,1,1,1,1,0,0,0,0,0,0,0,opposition,0,0,0,,0,0,0
5059,Gurinder Singh Josan,Labour,,Smethwick,E14001478,2,2,0,1,2,0,1,0,0,0,0,0,0,0,backbench,0,0,0,,0,0,0
4486,Hannah Bardell,Scottish National Party,Livingston,,,7,4,3,1,0,0,0,0,0,0,0,0,1,0,,0,0,0,,0,0,0
5447,Hannah Spencer,Green Party,,Gorton and Denton,E14001251,1,0,0,0,0,0,0,0,0,0,0,0,0,0,,19,0,1,,0,0,0
5289,Harpreet Uppal,Labour,,Huddersfield,E14001297,18,14,13,1,14,13,1,0,0,1,0,1,0,0,backbench,0,0,0,recognition CALLED_FOR: CONFIRMED,1,0,0
5311,Harriet Cross,Conservative,,Gordon and Buchan,S14000091,5,1,0,0,1,0,0,0,0,0,0,0,0,0,opposition,0,0,0,,0,0,0
4510,Helen Hayes,Labour,Dulwich and West Norwood,Dulwich and West Norwood,E14001205,20,20,20,10,11,11,4,0,0,1,0,1,6,0,backbench,0,0,0,,1,0,0
5336,Helen Maguire,Liberal Democrat,,Epsom and Ewell,E14001227,7,5,3,1,5,3,1,0,0,1,0,1,1,0,opposition,29,1,1,,1,0,0
4934,Helen Morgan,Liberal Democrat,,North Shropshire,E14001398,1,0,0,0,0,0,0,0,0,0,0,0,0,0,,19,1,1,,0,0,0
5192,Helena Dollimore,Labour,,Hastings and Rye,E14001274,3,2,2,1,2,2,1,0,0,0,0,0,0,0,backbench,0,0,0,,0,0,0
3960,Henry Smith,Conservative,Crawley,,,7,4,2,4,0,0,0,0,0,0,0,0,0,0,,0,0,0,,0,0,0
5121,Henry Tufnell,Labour,,Mid and South Pembrokeshire,W07000100,1,1,1,0,1,1,0,0,0,1,0,1,0,0,backbench,1,1,0,,1,0,0
4472,Holly Lynch,Labour,Halifax,,,8,7,7,1,0,0,0,0,0,0,0,0,1,0,,0,0,0,,0,0,0
1397,Hywel Williams,Plaid Cymru,Arfon,,,9,8,6,0,0,0,0,0,0,0,0,0,0,0,,0,0,0,,0,0,0
4390,Ian Blackford,Scottish National Party,"Ross, Skye and Lochaber",,,12,9,8,4,0,0,0,0,0,1,0,1,5,0,,0,0,0,,1,0,0
4831,Ian Byrne,Labour,"Liverpool, West Derby",Liverpool West Derby,E14001341,14,12,11,0,8,8,0,2,0,0,0,0,2,0,backbench,37,1,1,,0,2,0
4139,Ian Lavery,Labour,Wansbeck,Blyth and Ashington,E14001107,3,2,2,0,2,2,0,0,0,0,0,0,0,0,backbench,24,1,1,,0,0,0
4749,Ian Levy,Conservative,Blyth Valley,,,2,2,0,0,0,0,0,0,0,0,0,0,0,0,,0,0,0,,0,0,0
4000,Ian Mearns,Labour,Gateshead,,,2,1,0,1,0,0,0,0,0,0,0,0,0,0,,0,0,0,,0,0,0
4129,Ian Paisley,Democratic Unionist Party,North Antrim,,,6,5,1,5,0,0,0,0,0,0,0,0,0,0,,0,0,0,,0,0,0
5138,Ian Roome,Liberal Democrat,,North Devon,E14001387,1,0,0,0,0,0,0,0,0,0,0,0,0,0,,18,1,1,,0,0,0
5096,Ian Sollom,Liberal Democrat,,St Neots and Mid Cambridgeshire,E14001512,1,0,0,0,0,0,0,0,0,0,0,0,0,0,,19,1,1,,0,0,0
4394,Imran Hussain,Labour,Bradford East,Bradford East,E14001118,41,39,38,2,19,18,0,10,0,2,0,1,8,0,backbench,30,1,1,recognition CALLED_FOR: CONFIRMED; arms_exports CALLED_FOR: CONFIRMED,2,10,0
5268,Iqbal Mohamed,Independent,,Dewsbury and Batley,E14001196,48,41,37,9,41,37,9,4,0,0,0,0,3,0,backbench,55,1,1,arms_exports CALLED_FOR: CONFIRMED,0,4,0
4643,Jack Brereton,Conservative,Stoke-on-Trent South,,,3,2,1,0,0,0,0,0,0,0,0,0,0,0,,0,0,0,,0,0,0
3989,Jack Lopresti,Conservative,Filton and Bradley Stoke,,,2,1,0,0,0,0,0,0,0,0,0,0,0,0,,0,0,0,,0,0,0
5340,Jack Rankin,Conservative,,Windsor,E14001588,6,6,0,4,6,0,4,0,0,0,0,0,1,0,backbench,1,0,0,,0,0,0
5077,Jacob Collier,Labour,,Burton and Uttoxeter,E14001143,10,7,5,0,7,5,0,0,0,0,0,0,0,0,backbench,0,0,0,,0,0,0
5082,Jake Richards,Labour,,Rother Valley,E14001451,1,1,0,1,1,0,1,0,0,0,0,0,0,0,backbench,0,0,0,,0,0,0
5211,James Asser,Labour,,West Ham and Beckton,E14001576,12,12,7,0,12,7,0,0,0,1,0,1,1,0,backbench,0,0,0,recognition CALLED_FOR: CONFIRMED,1,0,0
4519,James Cartlidge,Conservative,,South Suffolk,E14001494,4,0,0,0,0,0,0,0,0,0,0,0,0,0,,0,0,0,,0,0,0
261,James Gray,Conservative,North Wiltshire,,,1,1,1,1,0,0,0,0,0,0,0,0,0,0,,0,0,0,,0,0,0
4528,James Heappey,Conservative,Wells,,,11,7,3,0,0,0,0,0,0,0,0,0,0,0,,0,0,0,,0,0,0
5265,James MacCleary,Liberal Democrat,,Lewes,E14001330,4,0,0,0,0,0,0,0,0,0,0,0,0,0,,26,1,1,,0,0,0
5361,James McMurdock,Independent,,South Basildon and East Thurrock,E14001480,1,0,0,0,0,0,0,0,0,0,0,0,0,0,,1,0,0,,0,0,0
3992,James Morris,Conservative,Halesowen and Rowley Regis,,,4,2,0,2,0,0,0,0,0,0,0,0,0,0,,0,0,0,,0,0,0
4797,James Murray,Labour,Ealing North,,,8,8,7,3,0,0,0,0,0,0,0,0,4,0,,0,0,0,,0,0,0
5047,James Naish,Labour,,Rushcliffe,E14001457,10,7,7,1,7,7,1,0,0,0,0,0,0,0,backbench,0,0,0,,0,0,0
4767,James Sunderland,Conservative,Bracknell,,,13,12,7,6,0,0,0,0,0,0,0,0,1,0,,0,0,0,,0,0,0
4787,James Wild,Conservative,North West Norfolk,North West Norfolk,E14001405,2,0,0,0,0,0,0,0,0,0,0,0,0,0,,0,0,0,,0,0,0
4612,Jamie Stone,Liberal Democrat,"Caithness, Sutherland and Easter Ross","Caithness, Sutherland and Easter Ross",S14000069,5,5,3,0,1,1,0,0,0,0,0,0,2,0,backbench,23,1,1,,0,0,0
4839,Jane Hunt,Conservative,Loughborough,,,1,0,0,0,0,0,0,0,0,0,0,0,0,0,,0,0,0,,0,0,0
4698,Janet Daby,Labour,Lewisham East,Lewisham East,E14001331,10,8,7,2,3,3,1,0,0,0,0,0,1,0,backbench,0,0,0,,0,0,0
5227,Jas Athwal,Labour,,Ilford South,E14001301,9,9,9,0,9,9,0,0,0,3,0,1,0,0,backbench,2,0,1,recognition CALLED_FOR: CONFIRMED,3,0,0
3953,Jason McCartney,Conservative,Colne Valley,,,1,1,1,0,0,0,0,0,0,0,0,0,1,0,,0,0,0,,0,0,0
5279,Jayne Kirkham,Labour,,Truro and Falmouth,E14001554,4,2,2,0,2,2,0,0,0,0,0,0,0,0,backbench,0,0,0,,0,0,0
4456,Jeff Smith,Labour,"Manchester, Withington",Manchester Withington,E14001354,21,21,18,2,8,8,0,0,0,0,0,0,6,0,backbench,0,0,0,,0,0,0
5160,Jenny Riddell-Carpenter,Labour,,Suffolk Coastal,E14001530,1,1,1,0,1,1,0,0,0,0,0,0,0,0,backbench,0,0,0,,0,0,0
185,Jeremy Corbyn,Your Party,Islington North,Islington North,E14001305,93,76,73,8,58,56,1,35,1,2,0,1,20,0,backbench,55,1,1,recognition CALLED_FOR: CONFIRMED; arms_exports CALLED_FOR: CONFIRMED; arms_exports OPPOSED: CONFIRMED,2,35,1
4739,Jerome Mayhew,Conservative,Broadland,Broadland and Fakenham,E14001136,4,2,1,2,0,0,0,0,0,0,0,0,1,0,,0,0,0,,0,0,0
5335,Jess Brown-Fuller,Liberal Democrat,,Chichester,E14001166,7,3,2,0,3,2,0,0,0,0,0,0,0,0,opposition,32,1,1,,0,0,0
4370,Jess Phillips,Labour,"Birmingham, Yardley",Birmingham Yardley,E14001100,7,6,6,2,0,0,0,0,0,0,0,0,0,0,,0,0,0,,0,0,0
3991,Jesse Norman,Conservative,,Hereford and South Herefordshire,E14001281,3,1,0,0,1,0,0,0,0,0,0,0,0,0,opposition,0,0,0,,0,0,0
1548,Jessica Morden,Labour,Newport East,Newport East,W07000104,6,6,6,0,3,3,0,0,0,1,0,1,1,0,backbench,0,0,0,,1,0,0
5202,Jessica Toale,Labour,,Bournemouth West,E14001116,1,0,0,0,0,0,0,0,0,0,0,0,0,0,,0,0,0,,0,0,0
5356,Jim Allister,Traditional Unionist Voice,,North Antrim,N05000012,9,4,0,4,4,0,4,0,0,0,0,0,0,0,backbench,4,0,0,,0,0,0
5223,Jim Dickson,Labour,,Dartford,E14001191,5,0,0,0,0,0,0,0,0,0,0,0,0,0,,0,0,0,,0,0,0
4569,Jim McMahon,Labour,Oldham West and Royton,"Oldham West, Chadderton and Royton",E14001416,9,5,5,3,0,0,0,1,0,0,0,0,1,0,,0,0,0,,0,1,0
4131,Jim Shannon,Democratic Unionist Party,Strangford,Strangford,N05000016,86,57,12,45,39,7,32,0,2,0,0,0,1,1,backbench,12,1,1,,0,0,2
4673,Jo Platt,Labour,,Leigh and Atherton,E14001329,1,0,0,0,0,0,0,0,0,0,0,0,0,0,,0,0,0,,0,0,0
5079,Joani Reid,Labour,,East Kilbride and Strathaven,S14000077,4,4,0,4,4,0,4,0,0,0,0,0,0,0,backbench,0,0,0,,0,0,0
4419,Joanna Cherry,Scottish National Party,Edinburgh South West,,,20,17,15,3,0,0,0,0,0,0,0,0,2,0,,0,0,0,,0,0,0
5081,Joe Morris,Labour,,Hexham,E14001285,11,10,9,0,10,9,0,0,0,0,0,0,2,0,backbench,1,0,0,,0,0,0
5229,Joe Powell,Labour,,Kensington and Bayswater,E14001310,5,5,5,0,5,5,0,0,0,1,0,1,0,0,backbench,0,0,0,recognition CALLED_FOR: CONFIRMED,1,0,0
5255,Joe Robertson,Conservative,,Isle of Wight East,E14001303,1,0,0,0,0,0,0,0,0,0,0,0,0,0,,0,0,0,,0,0,0
5063,Johanna Baxter,Labour,,Paisley and Renfrewshire South,S14000102,7,5,5,2,5,5,2,0,0,0,0,0,1,0,backbench,0,0,0,,0,0,0
5358,John Cooper,Conservative,,Dumfries and Galloway,S14000073,16,5,0,2,5,0,2,0,0,0,0,0,0,0,backbench,0,0,0,,0,0,0
4051,John Glen,Conservative,,Salisbury,E14001460,4,2,1,0,2,1,0,0,0,0,0,0,0,0,backbench,0,0,0,,0,0,0
5170,John Grady,Labour,,Glasgow East,S14000084,10,4,4,0,4,4,0,0,0,0,0,0,0,0,backbench,0,0,0,,0,0,0
400,John Healey,Labour,Wentworth and Dearne,Rawmarsh and Conisbrough,E14001436,114,19,14,15,11,7,7,0,0,0,0,0,12,0,government,0,0,0,,0,0,0
4608,John Lamont,Conservative,,"Berwickshire, Roxburgh and Selkirk",S14000108,5,4,0,3,4,0,3,0,0,0,0,0,0,0,backbench,0,0,0,,0,0,0
178,John McDonnell,Labour,Hayes and Harlington,Hayes and Harlington,E14001276,55,43,37,11,24,20,2,7,0,4,0,1,6,0,backbench,55,1,1,,4,7,0
5329,John Milne,Liberal Democrat,,Horsham,E14001294,3,3,2,0,3,2,0,0,0,1,0,1,0,0,backbench,14,1,1,,1,0,0
4415,John Nicolson,Scottish National Party,East Dunbartonshire,,,2,2,2,1,0,0,0,0,0,0,0,0,2,0,,0,0,0,,0,0,0
5127,John Slinger,Labour,,Rugby,E14001453,14,9,6,4,9,6,4,0,0,0,0,0,1,0,backbench,0,0,0,,0,0,0
5342,John Whitby,Labour,,Derbyshire Dales,E14001195,2,1,1,0,1,1,0,0,0,0,0,0,0,0,backbench,0,0,0,,0,0,0
5115,Jon Pearce,Labour,,High Peak,E14001287,22,20,4,17,20,4,17,0,0,0,0,0,4,0,backbench,0,0,0,,0,0,0
410,Jon Trickett,Labour,Hemsworth,Normanton and Hemsworth,E14001383,5,2,2,1,1,1,0,1,0,1,0,1,1,0,backbench,51,1,1,,1,1,0
5256,Jonathan Davies,Labour,,Mid Derbyshire,E14001362,4,1,0,0,1,0,0,0,0,0,0,0,0,0,backbench,0,0,0,,0,0,0
3943,Jonathan Edwards,Independent,Carmarthen East and Dinefwr,,,6,6,2,1,0,0,0,1,0,0,0,0,1,0,,0,0,0,,0,1,0
4119,Jonathan Reynolds,Labour,,Stalybridge and Hyde,E14001515,2,1,1,0,1,1,0,0,0,0,0,0,0,0,government,0,0,0,,0,0,0
5086,Josh Babarinde,Liberal Democrat,,Eastbourne,E14001219,5,3,1,2,3,1,2,1,0,1,0,1,1,0,opposition,16,1,1,,1,1,0
5295,Josh Fenton-Glynn,Labour,,Calder Valley,E14001147,13,9,9,3,9,9,3,0,0,0,0,0,1,0,backbench,0,0,0,,0,0,0
5034,Josh Newbury,Labour,,Cannock Chase,E14001150,4,2,1,0,2,1,0,0,0,0,0,0,2,0,backbench,0,0,0,,0,0,0
5060,Josh Simons,Labour,,Makerfield,E14001350,1,0,0,0,0,0,0,0,0,0,0,0,0,0,,0,0,0,,0,0,0
4759,Joy Morrissey,Conservative,,Beaconsfield,E14001082,5,4,0,4,4,0,4,0,0,0,0,0,0,0,opposition,0,0,0,,0,0,0
4647,Julia Lopez,Conservative,Hornchurch and Upminster,,,1,0,0,0,0,0,0,0,0,0,0,0,0,0,,0,0,0,,0,0,0
4418,Justin Madders,Labour,Ellesmere Port and Neston,Ellesmere Port and Bromborough,E14001222,6,4,4,1,0,0,0,1,0,0,0,0,0,0,,0,0,0,,0,1,0
4028,Karl McCartney,Conservative,Lincoln,,,2,2,0,1,0,0,0,0,0,0,0,0,0,0,,0,0,0,,0,0,0
4363,Kate Hollern,Labour,Blackburn,,,3,3,3,1,0,0,0,0,0,0,0,0,1,0,,0,0,0,,0,0,0
4515,Kate Osamor,Labour,Edmonton,Edmonton and Winchmore Hill,E14001221,10,10,4,0,8,3,0,0,0,0,0,0,0,0,backbench,2,1,1,recognition ABSENT: NONE MISSED,0,0,0
4783,Kate Osborne,Labour,Jarrow,,,1,1,1,1,0,0,0,0,0,0,0,0,1,0,,13,1,1,,0,0,0
5285,Katie Lam,Conservative,,Weald of Kent,E14001570,1,1,0,1,1,0,1,0,0,0,0,0,0,0,opposition,0,0,0,,0,0,0
5309,Katrina Murray,Labour,,Cumbernauld and Kirkintilloch,S14000072,1,1,1,0,1,1,0,0,0,0,0,0,0,0,backbench,0,0,0,,0,0,0
4993,Keir Mather,Labour,Selby and Ainsty,,,1,0,0,0,0,0,0,0,0,0,0,0,0,0,,0,0,0,,0,0,0
4772,Kenny MacAskill,Alba Party,East Lothian,,,15,15,14,2,0,0,0,4,0,0,0,0,5,0,,0,0,0,,0,4,0
1491,Kerry McCarthy,Labour,Bristol East,Bristol East,E14001132,12,12,11,0,1,1,0,0,0,0,0,0,1,0,backbench,0,0,0,,0,0,0
4474,Kevin Hollinrake,Conservative,,Thirsk and Malton,E14001544,1,1,0,1,1,0,1,0,0,0,0,0,0,0,opposition,0,0,0,,0,0,0
4824,Kim Johnson,Labour,"Liverpool, Riverside",Liverpool Riverside,E14001338,38,30,25,3,23,18,1,5,0,1,0,1,4,0,backbench,42,1,1,,1,5,0
4923,Kim Leadbeater,Labour,Batley and Spen,,,3,3,3,2,0,0,0,0,0,0,0,0,3,0,,0,0,0,,0,0,0
5095,Kirith Entwistle,Labour,,Bolton North East,E14001110,4,4,4,0,4,4,0,0,0,0,0,0,0,0,backbench,0,0,0,,0,0,0
5179,Kirsteen Sullivan,Labour,,Bathgate and Linlithgow,S14000068,6,6,5,2,6,5,2,0,0,1,0,1,0,0,backbench,0,0,0,recognition CALLED_FOR: CONFIRMED,1,0,0
4413,Kirsten Oswald,Scottish National Party,East Renfrewshire,,,5,3,3,2,0,0,0,0,0,0,0,0,2,0,,0,0,0,,0,0,0
4357,Kirsty Blackman,Scottish National Party,,Aberdeen North,S14000060,6,4,3,0,4,3,0,2,0,0,0,0,0,0,opposition,4,0,1,,0,2,0
4495,Kit Malthouse,Conservative,North West Hampshire,North West Hampshire,E14001403,67,58,55,15,42,40,8,1,0,2,0,1,7,0,backbench,0,0,0,,2,1,0
5341,Laura Kyrke-Smith,Labour,,Aylesbury,E14001071,31,25,23,2,25,23,2,0,0,1,0,1,2,0,backbench,0,0,0,recognition CALLED_FOR: CONFIRMED,1,0,0
4780,Laura Trott,Conservative,Sevenoaks,Sevenoaks,E14001465,3,2,0,2,2,0,2,0,0,0,0,0,0,0,opposition,0,0,0,,0,0,0
5298,Lauren Edwards,Labour,,Rochester and Strood,E14001447,1,0,0,0,0,0,0,0,0,0,0,0,0,0,,0,0,0,,0,0,0
5234,Laurence Turner,Labour,,Birmingham Northfield,E14001097,4,2,2,0,2,2,0,0,0,0,0,0,0,0,backbench,0,0,0,,0,0,0
4656,Layla Moran,Liberal Democrat,Oxford West and Abingdon,Oxford West and Abingdon,E14001420,39,38,32,16,18,16,5,4,0,9,0,1,15,0,backbench,24,1,1,,9,4,0
4743,Lee Anderson,Reform UK,,Ashfield,E14001068,1,1,0,1,1,0,1,0,0,0,0,0,0,0,backbench,0,0,0,,0,0,0
5290,Leigh Ingham,Labour,,Stafford,E14001513,1,0,0,0,0,0,0,0,0,0,0,0,0,0,,0,0,0,,0,0,0
4600,Leo Docherty,Conservative,Aldershot,,,104,85,42,34,0,0,0,0,0,0,0,0,13,2,,0,0,0,,0,0,0
5028,Lewis Atkinson,Labour,,Sunderland Central,E14001531,5,3,3,0,3,3,0,0,0,0,0,0,0,0,backbench,0,0,0,,0,0,0
1171,Liam Byrne,Labour,"Birmingham, Hodge Hill",Birmingham Hodge Hill and Solihull North,E14001095,12,11,10,4,3,3,1,4,0,2,0,1,3,0,backbench,1,1,0,recognition CALLED_FOR: CONFIRMED; arms_exports CALLED_FOR: UNSURE,2,4,0
5132,Liam Conlon,Labour,,Beckenham and Penge,E14001083,3,2,2,0,2,2,0,0,0,0,0,0,0,0,backbench,0,0,0,,0,0,0
4029,Lilian Greenwood,Labour,Nottingham South,,,2,2,2,0,0,0,0,0,0,0,0,0,0,0,,0,0,0,,0,0,0
5043,Lillian Jones,Labour,,Kilmarnock and Loudoun,S14000110,3,2,2,2,2,2,2,0,0,1,0,1,0,0,backbench,2,1,0,,1,0,0
5332,Lincoln Jopp,Conservative,,Spelthorne,E14001505,7,0,0,0,0,0,0,0,0,0,0,0,0,0,,0,0,0,,0,0,0
5107,Linsey Farnsworth,Labour,,Amber Valley,E14001066,2,1,1,0,1,1,0,0,0,0,0,0,0,0,backbench,0,0,0,,0,0,0
4082,Lisa Nandy,Labour,Wigan,Wigan,E14001585,49,42,13,22,35,7,19,0,0,0,0,0,2,0,government,0,0,0,,0,0,0
5070,Lisa Smart,Liberal Democrat,,Hazel Grove,E14001277,5,3,1,1,3,1,1,0,0,0,0,0,1,0,opposition,21,1,1,,0,0,0
4026,Liz Kendall,Labour,,Leicester West,E14001328,1,1,1,1,1,1,1,0,0,0,0,0,1,0,government,0,0,0,,0,0,0
4521,Liz Saville Roberts,Plaid Cymru,Dwyfor Meirionnydd,Dwyfor Meirionnydd,W07000096,28,18,16,6,10,8,2,2,0,0,0,0,5,0,backbench,65,1,1,,0,2,0
4618,Liz Twist,Labour,Blaydon,,,4,1,0,1,0,0,0,0,0,0,0,0,0,0,,0,0,0,,0,0,0
5225,Lizzi Collinge,Labour,,Morecambe and Lunesdale,E14001372,7,4,4,0,4,4,0,0,0,1,0,1,0,0,backbench,0,0,0,,1,0,0
5085,Llinos Medi,Plaid Cymru,,Ynys Môn,W07000112,2,2,2,0,2,2,0,1,0,0,0,0,0,0,backbench,64,1,1,,0,1,0
4615,Lloyd Russell-Moyle,Labour,"Brighton, Kemptown",,,1,1,1,0,0,0,0,1,0,0,0,0,0,0,,0,0,0,,0,1,0
5037,Lola McEvoy,Labour,,Darlington,E14001190,1,0,0,0,0,0,0,0,0,0,0,0,0,0,,0,0,0,,0,0,0
1438,Lord Beamish,Labour,North Durham,,,2,1,0,0,0,0,0,0,1,0,0,0,0,0,,0,0,0,,0,0,1
1400,Lord Brennan of Canton,Labour,Cardiff West,,,2,2,1,0,0,0,0,0,0,0,0,0,1,0,,0,0,0,,0,0,0
181,Lord Cryer,Labour,Leyton and Wanstead,,,3,3,3,0,0,0,0,0,0,0,0,0,0,0,,0,0,0,,0,0,0
1571,Lord Gove,Conservative,Surrey Heath,,,10,9,2,7,0,0,0,0,0,0,0,0,0,0,,0,0,0,,0,0,0
1413,Lord Grayling,Conservative,Epsom and Ewell,,,1,1,1,1,0,0,0,0,0,0,0,0,0,0,,0,0,0,,0,0,0
298,Lord McCabe,Labour,"Birmingham, Selly Oak",,,11,10,2,8,0,0,0,0,0,0,0,0,2,0,,0,0,0,,0,0,0
5232,Lorraine Beavers,Labour,,Blackpool North and Fleetwood,E14001104,3,3,3,0,3,3,0,0,0,1,0,1,0,0,backbench,15,1,1,,1,0,0
4473,Louise Haigh,Labour,,Sheffield Heeley,E14001469,2,1,1,0,1,1,0,0,0,0,0,0,0,0,backbench,0,0,0,,0,0,0
5258,Louise Sandher-Jones,Labour,,North East Derbyshire,E14001391,4,3,3,1,3,3,1,0,0,0,0,0,0,0,government,0,0,0,,0,0,0
4263,Lucy Powell,Labour,Manchester Central,Manchester Central,E14001352,45,35,22,19,25,18,13,0,0,5,0,1,14,0,government,0,0,0,recognition CALLED_FOR: REJECTED,3,0,0
5333,Lucy Rigby,Labour,,Northampton North,E14001406,1,1,1,0,1,1,0,0,0,0,0,0,0,0,government,0,0,0,,0,0,0
5112,Luke Akehurst,Labour,,North Durham,E14001389,6,3,1,2,3,1,2,0,0,0,0,0,0,0,backbench,3,0,0,,0,0,0
5248,Luke Murphy,Labour,,Basingstoke,E14001078,6,3,3,1,3,3,1,0,0,0,0,0,0,0,backbench,0,0,0,,0,0,0
5147,Luke Myer,Labour,,Middlesbrough South and East Cleveland,E14001368,2,1,1,1,1,1,1,0,0,0,0,0,0,0,backbench,1,0,0,,0,0,0
4682,Luke Pollard,Labour,,Plymouth Sutton and Devonport,E14001427,12,5,3,2,5,3,2,0,0,0,0,0,2,0,government,0,0,0,,0,0,0
5103,Luke Taylor,Liberal Democrat,,Sutton and Cheam,E14001534,1,0,0,0,0,0,0,0,0,0,0,0,0,0,,23,1,1,,0,0,0
5122,Manuela Perteghella,Liberal Democrat,,Stratford-on-Avon,E14001526,6,4,2,1,4,2,1,1,0,0,0,0,1,0,backbench,27,1,1,,0,1,0
4400,Margaret Greenwood,Labour,Wirral West,,,7,7,6,3,0,0,0,1,0,0,0,0,3,0,,0,0,0,,0,1,0
5073,Marie Goldman,Liberal Democrat,,Chelmsford,E14001159,4,4,3,1,4,3,1,0,0,0,0,0,0,0,opposition,6,1,1,,0,0,0
4440,Marion Fellows,Scottish National Party,Motherwell and Wishaw,,,1,1,1,1,0,0,0,0,0,0,0,0,1,0,,0,0,0,,0,0,0
5031,Mark Ferguson,Labour,,Gateshead Central and Whickham,E14001244,2,2,1,0,2,1,0,0,0,0,0,0,0,0,backbench,0,0,0,,0,0,0
4815,Mark Logan,Conservative,Bolton North East,,,18,17,12,3,0,0,0,0,0,0,0,0,7,0,,0,0,0,,0,0,0
1576,Mark Pritchard,Conservative,The Wrekin,The Wrekin,E14001543,34,22,13,12,14,11,6,0,0,1,0,1,0,0,backbench,0,0,0,,1,0,0
5166,Mark Sewards,Labour,,Leeds South West and Morley,E14001324,6,1,1,0,1,1,0,0,0,0,0,0,0,0,backbench,0,0,0,,0,0,0
5124,Markus Campbell-Savours,Labour,,Penrith and Solway,E14001424,3,1,0,0,1,0,0,0,0,0,0,0,0,0,backbench,0,0,0,,0,0,0
4676,Marsha De Cordova,Labour,Battersea,Battersea,E14001081,52,48,43,2,40,36,1,5,0,3,0,1,11,0,backbench,1,0,1,,3,5,0
4374,Martin Docherty-Hughes,Scottish National Party,West Dunbartonshire,,,6,3,2,2,0,0,0,0,0,0,0,0,2,0,,0,0,0,,0,0,0
5251,Martin Rhodes,Labour,,Glasgow North,S14000085,6,5,4,0,5,4,0,0,0,0,0,0,0,0,backbench,6,1,1,,0,0,0
3957,Martin Vickers,Conservative,Cleethorpes,Brigg and Immingham,E14001128,12,9,6,4,8,5,4,0,0,2,0,1,0,0,backbench,0,0,0,,2,0,0
5111,Martin Wrigley,Liberal Democrat,,Newton Abbot,E14001381,2,1,1,0,1,1,0,0,0,0,0,0,0,0,backbench,26,1,1,,0,0,0
4488,Martyn Day,Scottish National Party,Linlithgow and East Falkirk,,,8,8,8,2,0,0,0,1,0,0,0,0,2,0,,0,0,0,,0,1,0
4126,Mary Glindon,Labour,North Tyneside,Newcastle upon Tyne East and Wallsend,E14001378,8,6,4,0,4,2,0,0,0,0,0,0,1,0,backbench,11,0,1,,0,0,0
4753,Mary Kelly Foy,Labour,City of Durham,City of Durham,E14001173,6,5,5,0,3,3,0,0,0,1,0,1,0,0,backbench,26,1,1,,1,0,0
4406,Mary Robinson,Conservative,Cheadle,,,1,1,1,1,0,0,0,0,0,0,0,0,0,0,,0,0,0,,0,0,0
4070,Matt Hancock,Independent,West Suffolk,,,1,0,0,0,0,0,0,0,0,0,0,0,0,0,,0,0,0,,0,0,0
4654,Matt Rodda,Labour,,Reading Central,E14001438,1,0,0,0,0,0,0,0,0,0,0,0,0,0,,0,0,0,,0,0,0
5130,Matt Turmaine,Labour,,Watford,E14001568,2,2,1,1,2,1,1,0,0,0,0,0,0,0,backbench,0,0,0,,0,0,0
4844,Matt Vickers,Conservative,,Stockton West,E14001519,2,1,0,1,1,0,1,0,0,0,0,0,0,0,opposition,0,0,0,,0,0,0
4361,Matt Warman,Conservative,Boston and Skegness,,,1,1,0,1,0,0,0,0,0,0,0,0,0,0,,0,0,0,,0,0,0
4617,Matt Western,Labour,Warwick and Leamington,Warwick and Leamington,E14001566,24,22,20,3,11,9,0,2,0,0,0,0,5,0,backbench,0,0,0,,0,2,0
5162,Matthew Patrick,Labour,,Wirral West,E14001589,10,9,4,9,9,4,9,0,0,0,0,0,2,0,backbench,0,0,0,,0,0,0
4520,Matthew Pennycook,Labour,,Greenwich and Woolwich,E14001257,1,1,1,1,1,1,1,0,0,0,0,0,0,0,government,0,0,0,,0,0,0
5055,Max Wilkinson,Liberal Democrat,,Cheltenham,E14001161,4,2,2,0,2,2,0,0,0,0,0,0,0,0,opposition,14,1,1,,0,0,0
4464,Melanie Onn,Labour,,Great Grimsby and Cleethorpes,E14001255,1,0,0,0,0,0,0,0,0,0,0,0,0,0,,0,0,0,,0,0,0
5240,Melanie Ward,Labour,,Cowdenbeath and Kirkcaldy,S14000071,41,35,33,5,35,33,5,1,0,1,0,1,4,0,backbench,0,0,0,recognition CALLED_FOR: CONFIRMED; arms_exports CALLED_FOR: CONFIRMED,1,1,0
4421,Mhairi Black,Scottish National Party,Paisley and Renfrewshire South,,,6,6,5,1,0,0,0,1,0,0,0,0,4,0,,0,0,0,,0,1,0
5099,Miatta Fahnbulleh,Labour,,Peckham,E14001421,1,1,1,1,1,1,1,0,0,0,0,0,0,0,government,0,0,0,,0,0,0
280,Michael Fabricant,Conservative,Lichfield,,,1,0,0,0,0,0,0,0,0,0,0,0,0,0,,0,0,0,,0,0,0
4998,Michael Shanks,Labour,Rutherglen and Hamilton West,,,6,6,6,1,0,0,0,0,0,0,0,0,2,0,,0,0,0,,0,0,0
5049,Michelle Scrogham,Labour,,Barrow and Furness,E14001076,1,0,0,0,0,0,0,0,0,0,0,0,0,0,,0,0,0,,0,0,0
4755,Mick Whitley,Labour,Birkenhead,,,1,1,0,0,0,0,0,0,0,0,0,0,1,0,,0,0,0,,0,0,0
4667,Mike Amesbury,Labour,Weaver Vale,,,4,4,0,2,0,0,0,0,0,0,0,0,1,0,,0,0,0,,0,0,0
4316,Mike Kane,Labour,,Wythenshawe and Sale East,E14001602,1,0,0,0,0,0,0,0,0,0,0,0,0,0,,0,0,0,,0,0,0
5219,Mike Martin,Liberal Democrat,,Tunbridge Wells,E14001555,11,8,6,0,8,6,0,0,0,1,0,1,0,0,backbench,13,1,1,,1,0,0
5266,Mike Tapp,Labour,,Dover and Deal,E14001202,1,1,0,1,1,0,1,0,0,0,0,0,1,0,backbench,0,0,0,,0,0,0
4513,Mims Davies,Conservative,,East Grinstead and Uckfield,E14001212,1,1,0,1,1,0,1,0,0,0,0,0,0,0,opposition,0,0,0,,0,0,0
4865,Miriam Cates,Conservative,Penistone and Stocksbridge,,,5,5,0,5,0,0,0,0,2,0,0,0,0,1,,0,0,0,,0,0,2
4598,Mohammad Yasin,Labour,Bedford,Bedford,E14001084,20,16,15,2,6,6,1,4,0,2,0,1,6,0,backbench,11,1,1,,2,4,0
5299,Monica Harding,Liberal Democrat,,Esher and Walton,E14001230,30,23,22,7,23,22,7,1,0,5,0,1,3,0,opposition,22,1,1,,5,1,0
5231,Mr Adnan Hussain,Independent,,Blackburn,E14001102,31,30,28,0,30,28,0,2,1,2,0,1,2,0,backbench,27,1,1,recognition CALLED_FOR: CONFIRMED; arms_exports CALLED_FOR: CONFIRMED; arms_exports OPPOSED: REJECTED,2,2,0
5175,Mr Alex Barros-Curtis,Labour,,Cardiff West,W07000092,2,1,1,1,1,1,1,0,0,0,0,0,1,0,backbench,0,0,0,,0,0,0
1442,Mr Alistair Carmichael,Liberal Democrat,Orkney and Shetland,Orkney and Shetland,S14000051,20,17,16,3,7,7,0,2,0,1,0,1,1,0,backbench,20,1,1,,1,2,0
5072,Mr Andrew Snowden,Conservative,,Fylde,E14001242,1,0,0,0,0,0,0,0,0,0,0,0,0,0,,0,0,0,,0,0,0
411,Mr Barry Sheerman,Labour,Huddersfield,,,2,1,1,0,0,0,0,0,0,0,0,0,1,0,,0,0,0,,0,0,0
230,Mr Ben Bradshaw,Labour,Exeter,,,8,7,4,0,0,0,0,1,0,1,0,1,0,0,,0,0,0,,1,1,0
1539,Mr Ben Wallace,Conservative,Wyre and Preston North,,,1,0,0,0,0,0,0,0,0,0,0,0,0,0,,0,0,0,,0,0,0
5054,Mr Calvin Bailey,Labour,,Leyton and Wanstead,E14001334,13,4,4,0,4,4,0,0,0,0,0,0,0,0,backbench,0,0,0,,0,0,0
394,Mr Clive Betts,Labour,Sheffield South East,Sheffield South East,E14001470,25,25,21,1,16,13,0,3,0,6,0,1,4,0,backbench,5,1,1,,6,3,0
5159,Mr Connor Rand,Labour,,Altrincham and Sale West,E14001065,1,1,1,0,1,1,0,0,0,0,0,0,0,0,backbench,0,0,0,,0,0,0
1502,Mr David Jones,Conservative,Clwyd West,,,6,5,3,3,0,0,0,0,0,0,0,0,0,0,,0,0,0,,0,0,0
206,Mr David Lammy,Labour,Tottenham,Tottenham,E14001553,655,481,305,129,436,278,106,4,5,15,0,1,93,0,government,0,0,0,recognition CALLED_FOR: REJECTED; arms_exports CALLED_FOR: REJECTED; arms_exports OPPOSED: CONFIRMED,10,1,5
632,Mr Douglas Alexander,Labour,,Lothian East,S14000096,13,13,4,2,13,4,2,0,0,0,0,0,1,0,government,0,0,0,,0,0,0
4804,Mr Gagan Mohindra,Conservative,,South West Hertfordshire,E14001496,1,0,0,0,0,0,0,0,0,0,0,0,0,0,,0,0,0,,0,0,0
1409,Mr Gregory Campbell,Democratic Unionist Party,East Londonderry,East Londonderry,N05000006,9,6,1,6,5,1,5,0,0,0,0,0,0,0,backbench,5,0,0,,0,0,0
5148,Mr Hamish Falconer,Labour,,Lincoln,E14001336,861,778,457,109,778,457,109,0,2,0,0,0,60,0,government,0,0,0,,0,0,2
4637,Mr James Frith,Labour,,Bury North,E14001144,3,3,2,3,3,2,3,0,0,0,0,0,1,0,backbench,0,0,0,,0,0,0
5045,Mr Jonathan Brash,Labour,,Hartlepool,E14001272,2,1,1,1,1,1,1,0,0,0,0,0,0,0,backbench,0,0,0,,0,0,0
1425,Mr Jonathan Djanogly,Conservative,Huntingdon,,,3,2,0,2,0,0,0,0,0,0,0,0,0,0,,0,0,0,,0,0,0
1392,Mr Khalid Mahmood,Labour,"Birmingham, Perry Barr",,,7,7,7,5,0,0,0,0,0,0,0,0,2,0,,0,0,0,,0,0,0
5310,Mr Lee Dillon,Liberal Democrat,,Newbury,E14001376,8,6,4,2,6,4,2,0,0,2,0,1,0,0,backbench,30,1,1,,2,0,0
4932,Mr Louie French,Conservative,,Old Bexley and Sidcup,E14001414,1,0,0,0,0,0,0,0,0,0,0,0,0,0,,0,0,0,,0,0,0
5199,Mr Luke Charters,Labour,,York Outer,E14001605,3,1,0,1,1,0,1,0,0,0,0,0,0,0,backbench,0,0,0,,0,0,0
1444,Mr Mark Francois,Conservative,Rayleigh and Wickford,Rayleigh and Wickford,E14001437,7,2,1,2,1,0,1,0,0,0,0,0,0,0,opposition,0,0,0,,0,0,0
5074,Mr Paul Foster,Labour,,South Ribble,E14001491,3,2,2,0,2,2,0,0,0,0,0,0,0,0,backbench,1,0,1,,0,0,0
5321,Mr Paul Kohler,Liberal Democrat,,Wimbledon,E14001586,1,0,0,0,0,0,0,0,0,0,0,0,0,0,,18,1,1,,0,0,0
5330,Mr Peter Bedford,Conservative,,Mid Leicestershire,E14001364,1,0,0,0,0,0,0,0,0,0,0,0,0,0,,0,0,0,,0,0,0
1537,Mr Philip Hollobone,Conservative,Kettering,,,1,1,0,0,0,0,0,0,0,0,0,0,0,0,,0,0,0,,0,0,0
4498,Mr Ranil Jayawardena,Conservative,North East Hampshire,,,2,1,0,0,0,0,0,0,0,0,0,0,0,0,,0,0,0,,0,0,0
4813,Mr Richard Holden,Conservative,,Basildon and Billericay,E14001077,6,5,0,5,5,0,5,0,0,0,0,0,0,0,backbench,0,0,0,,0,0,0
4810,Mr Rob Roberts,Independent,Delyn,,,2,1,1,1,0,0,0,0,0,0,0,0,1,0,,0,0,0,,0,0,0
4091,Mr Robin Walker,Conservative,Worcester,,,2,2,2,1,0,0,0,0,0,0,0,0,0,0,,0,0,0,,0,0,0
4638,Mr Tanmanjeet Singh Dhesi,Labour,Slough,Slough,E14001477,43,35,32,14,16,14,4,0,0,0,0,0,13,0,backbench,0,0,0,recognition ABSENT: NONE MISSED,0,0,0
1487,Mr Tobias Ellwood,Conservative,Bournemouth East,,,14,11,7,7,0,0,0,0,0,0,0,0,2,1,,0,0,0,,0,0,0
3952,Mr Toby Perkins,Labour,Chesterfield,Chesterfield,E14001165,10,9,7,4,2,1,0,0,0,2,0,1,2,0,backbench,2,0,0,,2,0,0
1604,Mr Virendra Sharma,Labour,"Ealing, Southall",,,1,0,0,0,0,0,0,0,0,0,0,0,0,0,,0,0,0,,0,0,0
5322,Mr Will Forster,Liberal Democrat,,Woking,E14001592,5,5,4,0,5,4,0,0,0,0,0,0,0,0,backbench,29,1,1,,0,0,0
4429,Mr William Wragg,Conservative,Hazel Grove,,,2,0,0,0,0,0,0,0,0,0,0,0,0,0,,0,0,0,,0,0,0
5084,Mrs Elsie Blundell,Labour,,Heywood and Middleton North,E14001286,4,4,3,0,4,3,0,0,0,0,0,0,0,0,backbench,0,0,0,,0,0,0
4459,Mrs Flick Drummond,Conservative,Portsmouth South,,,16,15,10,2,0,0,0,0,0,0,0,0,0,0,,0,0,0,,0,0,0
4053,Mrs Heather Wheeler,Conservative,South Derbyshire,,,1,1,0,0,0,0,0,0,0,0,0,0,0,0,,0,0,0,,0,0,0
4597,Mrs Kemi Badenoch,Conservative,Saffron Walden,North West Essex,E14001402,22,12,1,5,4,0,2,0,1,0,1,0,0,0,opposition,0,0,0,,0,0,1
1521,Mrs Sharon Hodgson,Labour,Washington and Sunderland West,Washington and Gateshead South,E14001567,5,5,2,4,2,0,2,0,0,0,0,0,1,0,backbench,1,0,0,,0,0,0
4820,Ms Abena Oppong-Asare,Labour,Erith and Thamesmead,,,2,2,1,0,0,0,0,0,0,0,0,0,0,0,,0,0,0,,0,0,0
4917,Ms Anum Qaisar,Scottish National Party,Airdrie and Shotts,,,9,8,8,3,0,0,0,2,0,0,0,0,2,0,,0,0,0,,0,2,0
172,Ms Diane Abbott,Independent,Hackney North and Stoke Newington,Hackney North and Stoke Newington,E14001259,7,5,4,1,1,0,0,0,0,0,0,0,2,0,backbench,28,1,1,,0,0,0
5094,Ms Julie Minns,Labour,,Carlisle,E14001152,2,1,1,0,1,1,0,0,0,0,0,0,0,0,backbench,0,0,0,,0,0,0
199,Ms Karen Buck,Labour,Westminster North,,,5,5,5,2,0,0,0,0,0,0,0,0,0,0,,0,0,0,,0,0,0
4457,Ms Marie Rimmer,Labour,St Helens South and Whiston,St Helens South and Whiston,E14001510,2,2,1,1,1,1,1,0,0,0,0,0,0,0,backbench,1,0,0,,0,0,0
5123,Ms Polly Billington,Labour,,East Thanet,E14001216,12,10,8,3,10,8,3,0,0,2,0,1,3,0,backbench,0,0,0,recognition CALLED_FOR: CONFIRMED,2,0,0
4088,Ms Stella Creasy,Labour,Walthamstow,Walthamstow,E14001563,46,39,32,21,24,20,9,4,0,6,0,1,5,0,backbench,0,0,0,recognition CALLED_FOR: CONFIRMED; arms_exports CALLED_FOR: CONFIRMED,6,4,0
4776,Munira Wilson,Liberal Democrat,Twickenham,Twickenham,E14001556,10,9,9,1,5,5,0,2,0,2,0,1,2,0,opposition,24,1,1,,2,2,0
4113,Nadhim Zahawi,Conservative,Stratford-on-Avon,,,1,1,0,1,0,0,0,0,0,0,0,0,0,0,,0,0,0,,0,0,0
4869,Nadia Whittome,Labour,Nottingham East,Nottingham East,E14001410,16,15,13,2,9,7,0,5,0,1,0,1,6,0,backbench,36,1,1,,1,5,0
5215,Naushabah Khan,Labour,,Gillingham and Rainham,E14001246,4,4,4,0,4,4,0,0,0,0,0,0,0,0,backbench,1,0,0,,0,0,0
4811,Navendu Mishra,Labour,Stockport,Stockport,E14001517,2,2,2,0,1,1,0,0,0,0,0,0,1,0,backbench,0,0,0,,0,0,0
4409,Naz Shah,Labour,Bradford West,Bradford West,E14001120,27,22,17,2,11,9,0,1,0,2,0,1,4,0,backbench,4,1,1,recognition CALLED_FOR: CONFIRMED,2,1,0
4782,Neale Hanvey,Alba Party,Kirkcaldy and Cowdenbeath,,,5,4,4,2,0,0,0,0,0,0,0,0,2,0,,0,0,0,,0,0,0
4368,Neil Coyle,Labour,Bermondsey and Old Southwark,,,1,1,1,1,0,0,0,0,0,0,0,0,0,0,,0,0,0,,0,0,0
5359,Neil Duncan-Jordan,Labour,,Poole,E14001429,10,9,8,0,9,8,0,1,0,0,0,0,0,0,backbench,54,1,1,,0,1,0
4679,Neil O'Brien,Conservative,Harborough,"Harborough, Oadby and Wigston",E14001266,11,8,6,4,2,2,1,0,0,0,0,0,0,0,backbench,0,0,0,,0,0,0
5180,Nesil Caliskan,Labour,,Barking,E14001073,3,3,3,1,3,3,1,0,0,0,0,0,2,0,backbench,0,0,0,,0,0,0
3928,Nick Smith,Labour,,Blaenau Gwent and Rhymney,W07000084,4,2,1,0,2,1,0,0,0,0,0,0,0,0,backbench,0,0,0,,0,0,0
5062,Nick Timothy,Conservative,,West Suffolk,E14001578,15,7,0,5,7,0,5,0,0,0,0,0,0,0,opposition,0,0,0,,0,0,0
4741,Nickie Aiken,Conservative,Cities of London and Westminster,,,6,2,1,2,0,0,0,0,0,0,0,0,0,0,,0,0,0,,0,0,0
4868,Nicola Richards,Conservative,West Bromwich East,,,16,13,0,13,0,0,0,0,0,0,0,0,0,0,,0,0,0,,0,0,0
4407,Nigel Huddleston,Conservative,,Droitwich and Evesham,E14001203,4,2,0,2,2,0,2,0,0,0,0,0,0,0,opposition,0,0,0,,0,0,0
4136,Nigel Mills,Conservative,Amber Valley,,,1,1,0,0,0,0,0,0,0,0,0,0,0,0,,0,0,0,,0,0,0
5302,Noah Law,Labour,,St Austell and Newquay,E14001508,1,1,1,1,1,1,1,0,0,0,0,0,0,0,backbench,0,0,0,,0,0,0
5135,Oliver Ryan,Labour,,Burnley,E14001142,6,6,6,2,6,6,2,0,0,1,0,1,2,0,backbench,0,0,0,,1,0,0
4864,Olivia Blake,Labour,"Sheffield, Hallam",Sheffield Hallam,E14001468,10,10,8,2,7,5,1,0,0,0,0,0,1,0,backbench,14,1,1,,0,0,0
4482,Owen Thompson,Scottish National Party,Midlothian,,,7,5,3,0,0,0,0,1,0,0,0,0,2,0,,0,0,0,,0,1,0
3909,Pamela Nash,Labour,,"Motherwell, Wishaw and Carluke",S14000099,1,1,1,0,1,1,0,0,0,0,0,0,1,0,backbench,0,0,0,,0,0,0
1587,Pat McFadden,Labour,,Wolverhampton South East,E14001595,1,0,0,0,0,0,0,0,0,0,0,0,0,0,,0,0,0,,0,0,0
5190,Patricia Ferguson,Labour,,Glasgow West,S14000089,25,25,19,2,25,19,2,0,0,5,0,1,0,0,backbench,13,1,1,recognition CALLED_FOR: CONFIRMED,5,0,0
4435,Patricia Gibson,Scottish National Party,North Ayrshire and Arran,,,4,3,3,1,0,0,0,0,0,0,0,0,1,0,,0,0,0,,0,0,0
4432,Patrick Grady,Scottish National Party,Glasgow North,,,17,14,10,2,0,0,0,0,0,1,0,1,4,0,,0,0,0,,1,0,0
5052,Patrick Hurley,Labour,,Southport,E14001504,1,1,1,0,1,1,0,0,0,0,0,0,0,0,backbench,0,0,0,,0,0,0
4058,Paul Blomfield,Labour,Sheffield Central,,,5,5,4,0,0,0,0,0,0,1,0,1,0,0,,0,0,0,,1,0,0
4792,Paul Bristow,Conservative,Peterborough,,,6,6,4,2,0,0,0,0,0,0,0,0,2,0,,0,0,0,,0,0,0
5317,Paul Davies,Labour,,Colne Valley,E14001177,2,2,2,0,2,2,0,0,0,0,0,0,0,0,backbench,0,0,0,,0,0,0
4803,Paul Holmes,Conservative,,Hamble Valley,E14001263,11,2,0,0,2,0,0,0,0,0,0,0,1,0,opposition,0,0,0,,0,0,0
4830,Paul Howell,Conservative,Sedgefield,,,1,1,0,1,0,0,0,0,0,0,0,0,0,0,,0,0,0,,0,0,0
4414,Paul Scully,Conservative,Sutton and Cheam,,,1,1,0,1,0,0,0,0,0,0,0,0,1,0,,0,0,0,,0,0,0
5071,Paul Waugh,Labour,,Rochdale,E14001446,42,36,35,8,36,35,8,1,0,5,0,1,2,0,backbench,0,0,0,recognition CALLED_FOR: CONFIRMED; arms_exports CALLED_FOR: CONFIRMED,5,1,0
4828,Paula Barker,Labour,"Liverpool, Wavertree",Liverpool Wavertree,E14001340,15,14,11,1,11,9,1,2,0,5,0,1,1,0,backbench,4,1,0,,5,2,0
4938,Paulette Hamilton,Labour,"Birmingham, Erdington",,,3,3,3,0,0,0,0,0,0,0,0,0,1,0,,0,0,0,,0,0,0
4017,Penny Mordaunt,Conservative,Portsmouth North,,,31,22,3,19,0,0,0,0,1,0,0,0,1,2,,0,0,0,,0,0,1
5208,Perran Moon,Labour,,Camborne and Redruth,E14001148,5,1,0,0,1,0,0,0,0,0,0,0,0,0,backbench,0,0,0,,0,0,0
1440,Pete Wishart,Scottish National Party,Perth and North Perthshire,Perth and Kinross-shire,S14000103,7,4,2,1,2,1,1,0,0,0,0,0,2,0,opposition,16,1,1,,0,0,0
4754,Peter Gibson,Conservative,Darlington,,,1,1,1,1,0,0,0,0,0,0,0,0,0,0,,0,0,0,,0,0,0
4466,Peter Grant,Scottish National Party,Glenrothes,,,18,17,15,2,0,0,0,0,0,0,0,0,1,0,,0,0,0,,0,0,0
4505,Peter Kyle,Labour,Hove,,,1,0,0,0,0,0,0,0,0,0,0,0,0,0,,0,0,0,,0,0,0
5165,Peter Swallow,Labour,,Bracknell,E14001117,12,8,5,2,8,5,2,0,0,0,0,0,4,0,backbench,0,0,0,,0,0,0
5128,Phil Brickell,Labour,,Bolton West,E14001112,4,3,2,0,3,2,0,0,0,0,0,0,0,0,backbench,0,0,0,,0,0,0
1542,Philip Dunne,Conservative,Ludlow,,,2,0,0,0,0,0,0,0,0,0,0,0,0,0,,0,0,0,,0,0,0
5078,Pippa Heylings,Liberal Democrat,,South Cambridgeshire,E14001481,1,0,0,0,0,0,0,0,0,0,0,0,0,0,,29,1,1,,0,0,0
4603,Preet Kaur Gill,Labour,"Birmingham, Edgbaston",Birmingham Edgbaston,E14001092,3,2,1,0,1,0,0,0,0,0,0,0,0,0,backbench,0,0,0,,0,0,0
4066,Priti Patel,Conservative,Witham,Witham,E14001590,45,34,13,29,33,13,28,0,1,0,2,0,4,0,opposition,0,0,0,,0,0,1
4471,Rachael Maskell,Labour,York Central,York Central,E14001604,58,52,44,4,25,20,0,5,0,5,0,1,12,0,backbench,74,1,1,recognition CALLED_FOR: CONFIRMED; arms_exports CALLED_FOR: CONFIRMED,5,5,0
5257,Rachel Blake,Labour,,Cities of London and Westminster,E14001172,1,1,0,1,1,0,1,0,0,0,0,0,0,0,backbench,0,0,0,,0,0,0
5252,Rachel Gilmour,Liberal Democrat,,Tiverton and Minehead,E14001548,1,0,0,0,0,0,0,0,0,0,0,0,0,0,,9,1,1,,0,0,0
4873,Rachel Hopkins,Labour,Luton South,Luton South and South Bedfordshire,E14001346,24,22,21,1,11,11,1,0,0,2,0,1,5,0,backbench,0,0,0,recognition CALLED_FOR: CONFIRMED,2,0,0
4031,Rachel Reeves,Labour,,Leeds West and Pudsey,E14001325,172,0,0,0,0,0,0,0,0,0,0,0,0,0,,0,0,0,,0,0,0
5065,Rachel Taylor,Labour,,North Warwickshire and Bedworth,E14001400,1,0,0,0,0,0,0,0,0,0,0,0,0,0,,0,0,0,,0,0,0
4396,Rebecca Long Bailey,Labour,,Salford,E14001459,3,1,1,0,1,1,0,0,0,0,0,0,0,0,backbench,8,1,1,,0,0,0
5301,Rebecca Smith,Conservative,,South West Devon,E14001495,3,0,0,0,0,0,0,0,0,0,0,0,0,0,,0,0,0,,0,0,0
3987,Rehman Chishti,Conservative,Gillingham and Rainham,,,14,12,8,8,0,0,0,0,0,1,0,1,5,0,,0,0,0,,1,0,0
5253,Richard Baker,Labour,,Glenrothes and Mid Fife,S14000090,2,0,0,0,0,0,0,0,0,0,0,0,0,0,,1,0,0,,0,0,0
4493,Richard Burgon,Labour,Leeds East,Leeds East,E14001320,67,58,52,4,32,28,1,16,0,1,0,1,17,0,backbench,50,1,1,recognition ABSENT: NONE MISSED,1,16,0
4132,Richard Drax,Conservative,South Dorset,,,2,1,0,0,0,0,0,0,0,0,0,0,0,0,,0,0,0,,0,0,0
4942,Richard Foord,Liberal Democrat,Tiverton and Honiton,Honiton and Sidmouth,E14001291,48,35,27,5,18,15,1,5,0,1,0,1,2,0,backbench,18,1,1,,1,5,0
3912,Richard Fuller,Conservative,Bedford,,,4,4,2,0,0,0,0,0,0,0,0,0,0,0,,0,0,0,,0,0,0
3990,Richard Graham,Conservative,Gloucester,,,11,10,9,4,0,0,0,0,0,0,0,0,0,1,,0,0,0,,0,0,0
5144,Richard Quigley,Labour,,Isle of Wight West,E14001304,1,1,1,0,1,1,0,0,0,0,0,0,0,0,backbench,2,1,1,,0,0,0
5161,Richard Tice,Reform UK,,Boston and Skegness,E14001114,10,4,1,4,4,1,4,0,0,0,0,0,1,0,backbench,1,0,0,,0,0,0
4483,Rishi Sunak,Conservative,Richmond (Yorks),Richmond and Northallerton,E14001444,327,242,113,154,3,0,3,0,2,0,0,0,32,4,opposition,0,0,0,,0,0,2
4745,Rob Butler,Conservative,Aylesbury,,,5,3,3,2,0,0,0,0,0,0,0,0,0,0,,0,0,0,,0,0,0
4861,Robbie Moore,Conservative,,Keighley and Ilkley,E14001308,1,1,1,0,1,1,0,0,0,0,0,0,0,0,opposition,0,0,0,,0,0,0
4589,Robert Courts,Conservative,Witney,,,3,1,0,1,0,0,0,0,0,0,0,0,0,0,,0,0,0,,0,0,0
3985,Robert Halfon,Conservative,Harlow,,,2,2,0,2,0,0,0,0,0,0,0,0,0,0,,0,0,0,,0,0,0
4320,Robert Jenrick,Reform UK,Newark,Newark,E14001375,7,4,0,4,1,0,1,0,0,0,0,0,0,2,backbench,0,0,0,,0,0,0
5319,Robin Swann,Ulster Unionist Party,,South Antrim,N05000014,3,1,0,1,1,0,1,0,0,0,0,0,0,0,backbench,1,0,0,,0,0,0
4465,Ronnie Cowan,Scottish National Party,Inverclyde,,,3,3,2,0,0,0,0,1,0,0,0,0,1,0,,0,0,0,,0,1,0
4138,Rushanara Ali,Labour,Bethnal Green and Bow,Bethnal Green and Stepney,E14001086,17,15,12,7,2,1,1,0,0,0,0,0,7,0,government,0,0,0,,0,0,0
4389,Ruth Cadbury,Labour,Brentford and Isleworth,Brentford and Isleworth,E14001124,11,11,11,0,7,7,0,0,0,0,0,0,0,0,backbench,0,0,0,recognition ABSENT: NONE MISSED,0,0,0
4716,Ruth Jones,Labour,Newport West,Newport West and Islwyn,W07000105,7,7,5,2,3,2,1,0,0,0,0,0,1,0,backbench,1,0,0,,0,0,0
5312,Sadik Al-Hassan,Labour,,North Somerset,E14001399,2,0,0,0,0,0,0,0,0,0,0,0,0,0,,0,0,0,,0,0,0
4842,Sally-Ann Hart,Conservative,Hastings and Rye,,,1,0,0,0,0,0,0,0,0,0,0,0,0,0,,0,0,0,,0,0,0
5108,Sam Rushworth,Labour,,Bishop Auckland,E14001101,4,2,2,0,2,2,0,0,0,1,0,1,0,0,backbench,3,1,0,,1,0,0
4829,Sam Tarry,Labour,Ilford South,,,7,7,6,4,0,0,0,1,0,0,0,0,5,0,,0,0,0,,0,1,0
5150,Samantha Niblett,Labour,,South Derbyshire,E14001483,3,2,0,1,2,0,1,0,0,0,0,0,0,0,backbench,0,0,0,,0,0,0
1593,Sammy Wilson,Democratic Unionist Party,East Antrim,East Antrim,N05000005,33,27,1,27,19,1,19,0,1,0,2,0,1,5,backbench,3,0,0,,0,0,1
4818,Saqib Bhatti,Conservative,Meriden,Meriden and Solihull East,E14001358,2,2,1,2,1,0,1,0,0,0,0,0,0,0,opposition,0,0,0,,0,0,0
4838,Sara Britcliffe,Conservative,Hyndburn,,,4,3,3,1,0,0,0,0,0,0,0,0,0,0,,0,0,0,,0,0,0
5355,Sarah Bool,Conservative,,South Northamptonshire,E14001490,3,0,0,0,0,0,0,0,0,0,0,0,0,0,,0,0,0,,0,0,0
4267,Sarah Champion,Labour,Rotherham,Rotherham,E14001452,22,18,17,3,10,10,1,0,0,0,0,0,0,0,backbench,0,0,0,,0,0,0
5088,Sarah Coombes,Labour,,West Bromwich,E14001574,3,2,2,0,2,2,0,0,0,0,0,0,0,0,backbench,0,0,0,,0,0,0
4995,Sarah Dyke,Liberal Democrat,Somerton and Frome,Glastonbury and Somerton,E14001247,3,2,2,2,0,0,0,0,0,0,0,0,1,0,,32,1,1,,0,0,0
5001,Sarah Edwards,Labour,Tamworth,,,1,1,0,0,0,0,0,0,0,0,0,0,1,0,,0,0,0,,0,0,0
4918,Sarah Green,Liberal Democrat,,Chesham and Amersham,E14001162,2,2,1,0,2,1,0,0,0,0,0,0,0,0,backbench,16,1,1,,0,0,0
4631,Sarah Jones,Labour,,Croydon West,E14001188,3,2,0,1,2,0,1,0,0,0,0,0,0,0,government,0,0,0,,0,0,0
4591,Sarah Olney,Liberal Democrat,Richmond Park,Richmond Park,E14001445,2,1,0,1,0,0,0,0,0,0,0,0,0,0,,18,1,1,,0,0,0
4777,Sarah Owen,Labour,Luton North,Luton North,E14001345,16,16,15,3,10,9,1,4,0,3,0,1,4,0,backbench,0,0,0,recognition CALLED_FOR: CONFIRMED; arms_exports CALLED_FOR: CONFIRMED,3,4,0
5403,Sarah Pochin,Reform UK,,Runcorn and Helsby,E14001455,1,0,0,0,0,0,0,0,0,0,0,0,0,0,,0,0,0,,0,0,0
5117,Sarah Smith,Labour,,Hyndburn,E14001299,10,10,9,2,10,9,2,1,0,1,0,1,2,0,backbench,0,0,0,,1,1,0
4793,Scott Benton,Independent,Blackpool South,,,1,1,0,1,0,0,0,0,0,0,0,0,0,1,,0,0,0,,0,0,0
5280,Seamus Logan,Scottish National Party,,Aberdeenshire North and Moray East,S14000062,2,2,2,0,2,2,0,0,1,0,0,0,0,0,opposition,24,0,1,,0,0,1
5328,Sean Woodcock,Labour,,Banbury,E14001072,1,0,0,0,0,0,0,0,0,0,0,0,0,0,,0,0,0,,0,0,0
4253,Seema Malhotra,Labour,Feltham and Heston,Feltham and Heston,E14001236,18,17,13,5,9,5,2,0,0,0,0,0,6,0,government,0,0,0,recognition ABSENT: NONE MISSED,0,0,0
3914,Shabana Mahmood,Labour,,Birmingham Ladywood,E14001096,6,3,0,2,3,0,2,0,0,0,0,0,0,0,government,0,0,0,,0,0,0
5120,Shockat Adam,Independent,,Leicester South,E14001327,45,39,36,4,39,36,4,8,1,4,0,1,2,0,backbench,62,1,1,recognition CALLED_FOR: CONFIRMED; arms_exports CALLED_FOR: CONFIRMED; arms_exports OPPOSED: CONFIRMED,4,8,1
4494,Simon Hoare,Conservative,North Dorset,North Dorset,E14001388,13,8,7,2,8,7,2,0,0,2,0,1,0,0,backbench,0,0,0,,2,0,0
4847,Siobhan Baillie,Conservative,Stroud,,,2,2,1,1,0,0,0,0,0,0,0,0,1,0,,0,0,0,,0,0,0
529,Sir Alan Campbell,Labour,,Tynemouth,E14001557,13,9,7,1,9,7,1,0,0,0,0,0,1,0,government,0,0,0,,0,0,0
3997,Sir Alec Shelbrooke,Conservative,Elmet and Rothwell,Wetherby and Easingwold,E14001582,22,14,1,14,8,0,8,0,1,0,0,0,2,0,opposition,0,0,0,,0,0,1
1211,Sir Andrew Mitchell,Conservative,Sutton Coldfield,Sutton Coldfield,E14001535,876,835,358,254,14,5,11,0,2,0,1,0,76,30,opposition,0,0,0,,0,0,2
5101,Sir Ashley Fox,Conservative,,Bridgwater,E14001126,1,0,0,0,0,0,0,0,0,0,0,0,0,0,,0,0,0,,0,0,0
40,Sir Bernard Jenkin,Conservative,Harwich and North Essex,Harwich and North Essex,E14001273,8,2,0,0,1,0,0,0,0,0,0,0,0,0,backbench,0,0,0,,0,0,0
1428,Sir Bill Wiggin,Conservative,North Herefordshire,,,1,0,0,0,0,0,0,0,0,0,0,0,0,0,,0,0,0,,0,0,0
1493,Sir Charles Walker,Conservative,Broxbourne,,,6,3,0,2,0,0,0,0,0,0,0,0,0,0,,0,0,0,,0,0,0
3922,Sir Conor Burns,Conservative,Bournemouth West,,,1,1,0,1,0,0,0,0,0,0,0,0,0,0,,0,0,0,,0,0,0
55,Sir Desmond Swayne,Conservative,New Forest West,New Forest West,E14001374,27,23,9,2,14,6,0,0,0,0,0,0,0,0,backbench,1,0,0,,0,0,0
345,Sir Edward Leigh,Conservative,Gainsborough,Gainsborough,E14001243,38,25,21,15,18,14,11,0,0,4,0,1,2,0,backbench,1,0,0,,4,0,0
4108,Sir Gavin Williamson,Conservative,,"Stone, Great Wyrley and Penkridge",E14001523,1,0,0,0,0,0,0,0,0,0,0,0,0,0,,0,0,0,,0,0,0
249,Sir Geoffrey Clifton-Brown,Conservative,The Cotswolds,North Cotswolds,E14001386,5,3,3,1,1,1,0,0,0,1,0,1,0,0,backbench,0,0,0,,1,0,0
481,Sir George Howarth,Labour,Knowsley,,,3,3,2,1,0,0,0,0,0,0,0,0,0,0,,0,0,0,,0,0,0
152,Sir Iain Duncan Smith,Conservative,Chingford and Woodford Green,Chingford and Woodford Green,E14001167,12,4,0,4,0,0,0,0,0,0,0,0,0,0,,0,0,0,,0,0,0
4060,Sir Jake Berry,Conservative,Rossendale and Darwen,,,2,2,1,2,0,0,0,0,0,0,0,0,0,0,,0,0,0,,0,0,0
4366,Sir James Cleverly,Conservative,Braintree,Braintree,E14001121,89,84,26,45,1,0,1,0,0,0,0,0,0,2,backbench,0,0,0,,0,0,0
650,Sir Jeffrey M Donaldson,Democratic Unionist Party,Lagan Valley,,,1,0,0,0,0,0,0,0,0,0,0,0,0,0,,0,0,0,,0,0,0
1572,Sir Jeremy Hunt,Conservative,South West Surrey,Godalming and Ash,E14001249,7,0,0,0,0,0,0,0,0,0,0,0,0,0,,0,0,0,,0,0,0
4507,Sir Jeremy Quin,Conservative,Horsham,,,3,1,0,0,0,0,0,0,0,0,0,0,0,0,,0,0,0,,0,0,0
1560,Sir Jeremy Wright,Conservative,Kenilworth and Southam,Kenilworth and Southam,E14001309,2,1,1,0,1,1,0,0,0,1,0,1,0,0,backbench,0,0,0,,1,0,0
350,Sir John Hayes,Conservative,,South Holland and The Deepings,E14001487,1,0,0,0,0,0,0,0,0,0,0,0,0,0,,0,0,0,,0,0,0
39,Sir John Whittingdale,Conservative,Maldon,Maldon,E14001351,10,4,3,3,3,3,2,0,0,0,0,0,0,0,backbench,0,0,0,,0,0,0
54,Sir Julian Lewis,Conservative,New Forest East,New Forest East,E14001373,36,25,1,18,11,0,7,0,0,0,0,0,0,1,backbench,1,0,0,,0,0,0
4118,Sir Julian Smith,Conservative,,Skipton and Ripon,E14001475,1,1,0,0,1,0,0,0,0,0,0,0,0,0,backbench,0,0,0,,0,0,0
4514,Sir Keir Starmer,Labour,Holborn and St Pancras,Holborn and St Pancras,E14001290,393,181,94,87,168,84,77,0,5,2,0,1,35,0,government,0,0,0,recognition CALLED_FOR: REJECTED; arms_exports OPPOSED: CONFIRMED,0,0,5
223,Sir Liam Fox,Conservative,North Somerset,,,8,5,4,5,0,0,0,0,0,0,0,0,1,0,,0,0,0,,0,0,0
473,Sir Mark Hendrick,Labour,Preston,,,1,1,1,0,0,0,0,0,0,0,0,0,1,0,,1,0,0,,0,0,0
3935,Sir Mel Stride,Conservative,,Central Devon,E14001155,4,0,0,0,0,0,0,0,0,0,0,0,0,0,,0,0,0,,0,0,0
4116,Sir Michael Ellis,Conservative,Northampton North,,,46,45,1,35,0,0,0,0,2,0,2,0,2,3,,0,0,0,,0,0,2
4441,Sir Oliver Dowden,Conservative,Hertsmere,Hertsmere,E14001284,17,11,2,9,8,2,7,0,1,0,1,0,0,0,backbench,0,0,0,recognition OPPOSED: CONFIRMED,0,0,1
69,Sir Oliver Heald,Conservative,North East Hertfordshire,,,3,3,0,3,0,0,0,0,0,0,0,0,0,0,,0,0,0,,0,0,0
103,Sir Paul Beresford,Conservative,Mole Valley,,,1,1,0,1,0,0,0,0,0,0,0,0,0,0,,0,0,0,,0,0,0
117,Sir Peter Bottomley,Conservative,Worthing West,,,10,4,3,2,0,0,0,0,0,0,0,0,0,1,,0,0,0,,0,0,0
1565,Sir Philip Davies,Conservative,Shipley,,,2,1,0,0,0,0,0,0,0,0,0,0,0,0,,0,0,0,,0,0,0
4106,Sir Robert Buckland,Conservative,South Swindon,,,2,1,0,1,0,0,0,0,0,0,0,0,0,0,,0,0,0,,0,0,0
1562,Sir Robert Goodwill,Conservative,Scarborough and Whitby,,,1,1,0,1,0,0,0,0,0,0,0,0,0,0,,0,0,0,,0,0,0
4655,Sir Simon Clarke,Conservative,Middlesbrough South and East Cleveland,,,2,1,0,1,0,0,0,0,0,0,0,0,0,0,,0,0,0,,0,0,0
163,Sir Stephen Timms,Labour,East Ham,,,11,11,10,2,0,0,0,0,0,0,0,0,1,0,,0,0,0,,0,0,0
288,Sir William Cash,Conservative,Stone,,,3,1,0,0,0,0,0,0,0,0,0,0,0,0,,0,0,0,,0,0,0
5314,Siân Berry,Green Party,,Brighton Pavilion,E14001130,1,1,0,0,1,0,0,0,0,0,0,0,0,0,opposition,67,1,1,,0,0,0
5247,Sojan Joseph,Labour,,Ashford,E14001069,1,0,0,0,0,0,0,0,0,0,0,0,0,0,,0,0,0,,0,0,0
5274,Sonia Kumar,Labour,,Dudley,E14001204,7,5,5,1,5,5,1,0,0,0,0,0,0,0,backbench,0,0,0,,0,0,0
5125,Sorcha Eastwood,Alliance,,Lagan Valley,N05000009,3,0,0,0,0,0,0,0,0,0,0,0,0,0,,23,1,1,,0,0,0
5164,Steff Aquarone,Liberal Democrat,,North Norfolk,E14001396,2,1,0,1,1,0,1,0,0,0,0,0,0,0,backbench,10,1,1,,0,0,0
1554,Stephen Crabb,Conservative,Preseli Pembrokeshire,,,18,16,1,12,0,0,0,0,0,0,1,0,0,2,,0,0,0,,0,0,0
4264,Stephen Doughty,Labour,Cardiff South and Penarth,Cardiff South and Penarth,W07000091,21,14,12,4,11,9,2,0,0,0,0,0,3,0,government,0,0,0,,0,0,0
4856,Stephen Farry,Alliance,North Down,,,9,9,6,3,0,0,0,0,0,0,0,0,3,0,,0,0,0,,0,0,0
4735,Stephen Flynn,Scottish National Party,Aberdeen South,Aberdeen South,S14000061,42,35,33,14,12,11,4,8,0,4,0,1,16,0,opposition,2,0,1,,4,8,0
4434,Stephen Gethins,Scottish National Party,,Arbroath and Broughty Ferry,S14000066,6,4,4,0,4,4,0,1,0,0,0,0,0,0,opposition,10,1,1,,0,1,0
1585,Stephen Hammond,Conservative,Wimbledon,,,4,4,2,3,0,0,0,0,0,0,0,0,1,0,,0,0,0,,0,0,0
4359,Stephen Kinnock,Labour,Aberavon,,,1,0,0,0,0,0,0,0,0,0,0,0,0,0,,0,0,0,,0,0,0
4653,Stephen Morgan,Labour,Portsmouth South,,,3,3,2,0,0,0,0,0,0,0,0,0,0,0,,0,0,0,,0,0,0
4095,Steve Barclay,Conservative,,North East Cambridgeshire,E14001390,2,0,0,0,0,0,0,0,0,0,0,0,0,0,,0,0,0,,0,0,0
5066,Steve Darling,Liberal Democrat,,Torbay,E14001551,2,2,2,0,2,2,0,0,0,0,0,0,0,0,opposition,23,1,1,,0,0,0
4452,Steve Double,Conservative,St Austell and Newquay,,,10,9,1,9,0,0,0,0,1,0,0,0,3,0,,0,0,0,,0,0,1
5064,Steve Race,Labour,,Exeter,E14001231,2,0,0,0,0,0,0,0,0,0,0,0,0,0,,0,0,0,,0,0,0
5221,Steve Witherden,Labour,,Montgomeryshire and Glyndŵr,W07000102,12,12,11,1,12,11,1,6,0,0,0,0,0,0,backbench,30,1,1,,0,6,0
5194,Steve Yemm,Labour,,Mansfield,E14001355,8,6,0,1,6,0,1,0,0,0,0,0,0,0,backbench,0,0,0,,0,0,0
4748,Steven Bonnar,Scottish National Party,"Coatbridge, Chryston and Bellshill",,,10,9,7,1,0,0,0,0,1,0,0,0,2,0,,0,0,0,,0,0,1
4461,Stewart Malcolm McDonald,Scottish National Party,Glasgow South,,,2,1,1,0,0,0,0,0,0,0,0,0,0,0,,0,0,0,,0,0,0
4742,Stuart Anderson,Conservative,,South Shropshire,E14001493,2,0,0,0,0,0,0,0,0,0,0,0,0,0,,0,0,0,,0,0,0
4032,Stuart Andrew,Conservative,,Daventry,E14001192,2,2,0,1,2,0,1,0,0,0,0,0,0,0,opposition,0,0,0,,0,0,0
4393,Stuart C McDonald,Scottish National Party,"Cumbernauld, Kilsyth and Kirkintilloch East",,,1,1,1,1,0,0,0,0,0,0,0,0,1,0,,0,0,0,,0,0,0
4475,Suella Braverman,Reform UK,Fareham,Fareham and Waterlooville,E14001233,5,3,0,3,1,0,1,0,0,0,1,0,0,0,backbench,0,0,0,,0,0,0
5152,Sureena Brackenridge,Labour,,Wolverhampton North East,E14001594,1,0,0,0,0,0,0,0,0,0,0,0,0,0,,0,0,0,,0,0,0
5157,Susan Murray,Liberal Democrat,,Mid Dunbartonshire,S14000097,6,6,4,1,6,4,1,0,0,0,0,0,0,0,opposition,30,1,1,,0,0,0
4747,Tahir Ali,Labour,"Birmingham, Hall Green",Birmingham Hall Green and Moseley,E14001094,19,18,14,3,10,7,0,2,0,6,0,1,4,0,backbench,9,1,1,recognition CALLED_FOR: CONFIRMED,6,2,0
4089,Tessa Munt,Liberal Democrat,,Wells and Mendip Hills,E14001572,1,0,0,0,0,0,0,0,0,0,0,0,0,0,,13,1,1,,0,0,0
1500,Theresa Villiers,Conservative,Chipping Barnet,,,23,21,1,20,0,0,0,0,0,0,1,0,1,2,,0,0,0,,0,0,0
1591,Tim Farron,Liberal Democrat,Westmorland and Lonsdale,Westmorland and Lonsdale,E14001580,9,6,5,4,5,4,3,0,0,0,0,0,2,0,opposition,10,1,1,,0,0,0
5287,Tim Roca,Labour,,Macclesfield,E14001347,2,2,2,0,2,2,0,0,0,0,0,0,1,0,backbench,0,0,0,,0,0,0
5210,Tom Hayes,Labour,,Bournemouth East,E14001115,2,1,1,1,1,1,1,0,0,0,0,0,0,0,backbench,0,0,0,,0,0,0
4771,Tom Hunt,Conservative,Ipswich,,,7,7,2,6,0,0,0,0,0,0,0,0,0,2,,0,0,0,,0,0,0
5090,Tom Morrison,Liberal Democrat,,Cheadle,E14001158,3,3,3,0,3,3,0,1,0,1,0,1,0,0,opposition,31,1,1,,1,1,0
4369,Tom Pursglove,Conservative,Corby,,,3,3,1,0,0,0,0,0,0,0,0,0,0,0,,0,0,0,,0,0,0
4845,Tom Randall,Conservative,Gedling,,,1,1,0,1,0,0,0,0,0,0,0,0,0,0,,0,0,0,,0,0,0
5222,Tom Rutland,Labour,,East Worthing and Shoreham,E14001218,3,2,2,2,2,2,2,0,0,0,0,0,1,0,backbench,0,0,0,,0,0,0
4462,Tom Tugendhat,Conservative,Tonbridge and Malling,Tonbridge,E14001549,12,2,0,2,0,0,0,0,0,0,0,0,0,0,,0,0,0,,0,0,0
4453,Tommy Sheppard,Scottish National Party,Edinburgh East,,,5,5,4,0,0,0,0,0,0,0,0,0,1,0,,0,0,0,,0,0,0
4623,Tonia Antoniazzi,Labour,Gower,,,1,1,1,0,0,0,0,0,0,0,0,0,0,0,,2,0,0,,0,0,0
450,Tony Lloyd,Labour,Manchester Central,,,3,3,3,1,0,0,0,0,0,0,0,0,0,0,,0,0,0,,0,0,0
5067,Tony Vaughan,Labour,,Folkestone and Hythe,E14001239,4,1,1,0,1,1,0,0,0,0,0,0,0,0,backbench,1,0,0,,0,0,0
5246,Torcuil Crichton,Labour,,Na h-Eileanan an Iar,S14000027,8,4,3,1,4,3,1,0,0,0,0,0,0,0,backbench,0,0,0,,0,0,0
5188,Tracy Gilbert,Labour,,Edinburgh North and Leith,S14000079,14,12,10,1,12,10,1,0,0,2,0,1,1,0,backbench,12,1,1,recognition CALLED_FOR: CONFIRMED,2,0,0
4518,Tulip Siddiq,Labour,Hampstead and Kilburn,Hampstead and Highgate,E14001265,7,6,5,1,3,3,0,0,0,0,0,0,0,0,backbench,0,0,0,,0,0,0
5278,Uma Kumaran,Labour,,Stratford and Bow,E14001525,16,13,13,5,13,13,5,0,0,1,0,1,2,0,backbench,0,0,0,recognition CALLED_FOR: CONFIRMED,1,0,0
4076,Valerie Vaz,Labour,Walsall South,,,2,2,2,1,0,0,0,0,0,0,0,0,1,0,,1,1,0,,0,0,0
4674,Vicky Ford,Conservative,Chelmsford,,,10,9,9,5,0,0,0,0,0,0,0,0,1,1,,0,0,0,,0,0,0
4491,Vicky Foxcroft,Labour,"Lewisham, Deptford",,,2,2,2,0,0,0,0,0,0,0,0,0,0,0,,1,0,1,,0,0,0
4399,Victoria Atkins,Conservative,,Louth and Horncastle,E14001343,1,0,0,0,0,0,0,0,0,0,0,0,0,0,,0,0,0,,0,0,0
5327,Vikki Slade,Liberal Democrat,,Mid Dorset and North Poole,E14001363,24,18,15,0,18,15,0,3,0,1,0,1,0,0,opposition,32,1,1,,1,3,0
5230,Warinder Juss,Labour,,Wolverhampton West,E14001596,20,20,16,3,20,16,3,4,0,4,0,1,3,0,backbench,1,1,0,,4,4,0
1398,Wayne David,Labour,Caerphilly,,,7,5,4,1,0,0,0,0,0,0,0,0,0,0,,0,0,0,,0,0,0
4765,Wendy Chamberlain,Liberal Democrat,North East Fife,North East Fife,S14000100,11,10,8,0,7,6,0,0,0,0,0,0,0,0,opposition,33,1,1,,0,0,0
4358,Wendy Morton,Conservative,,Aldridge-Brownhills,E14001064,10,10,3,9,10,3,9,0,1,0,1,0,1,0,opposition,0,0,0,,0,0,1
4602,Wera Hobhouse,Liberal Democrat,Bath,Bath,E14001080,8,7,5,0,4,4,0,2,0,0,0,0,0,0,backbench,38,1,1,,0,2,0
4504,Wes Streeting,Labour,,Ilford North,E14001300,1,1,1,0,1,1,0,0,0,1,0,1,0,0,government,0,0,0,recognition CALLED_FOR: CONFIRMED,1,0,0
4423,Will Quince,Conservative,Colchester,,,3,3,2,0,0,0,0,0,0,0,0,0,0,0,,0,0,0,,0,0,0
5035,Will Stone,Labour,,Swindon North,E14001536,2,2,2,0,2,2,0,0,0,0,0,0,0,0,backbench,0,0,0,,0,0,0
3924,Yasmin Qureshi,Labour,Bolton South East,Bolton South and Walkden,E14001111,26,24,22,0,17,16,0,2,0,4,0,1,2,0,backbench,5,1,1,recognition CALLED_FOR: CONFIRMED; arms_exports CALLED_FOR: CONFIRMED,4,2,0
5267,Yuan Yang,Labour,,Earley and Woodley,E14001210,9,9,8,1,9,8,1,0,0,1,0,1,0,0,backbench,0,0,0,recognition CALLED_FOR: CONFIRMED,1,0,0
420,Yvette Cooper,Labour,"Normanton, Pontefract and Castleford","Pontefract, Castleford and Knottingley",E14001428,189,119,103,23,116,101,20,0,0,0,0,0,6,0,government,0,0,0,,0,0,0
4786,Zarah Sultana,Your Party,Coventry South,Coventry South,E14001182,41,37,32,6,19,17,1,14,0,0,0,0,11,0,backbench,4,0,1,,0,14,0
5313,Zöe Franklin,Liberal Democrat,,Guildford,E14001258,2,0,0,0,0,0,0,0,0,0,0,0,0,0,,22,1,1,,0,0,0
