gss,name,nation,region,winner_party_2024,muslim_pc,jewish_pc,child_poverty_pc,majority_pc,ethnic_minority_pc,degree_pc,young_adult_pc,city,challenger,mp_2024_member_id,mp_2024_name,mp_2024_party
W07000081,Aberafan Maesteg,Wales,Wales,Lab,0.811,0.017,30.204,28.958,3.105,23.707,24.51,False,,4359,Stephen Kinnock,Lab
S14000060,Aberdeen North,Scotland,Scotland,SNP,2.889,0.046,13.974,4.181,12.391,31.865,28.784,True,0,4357,Kirsty Blackman,SNP
S14000061,Aberdeen South,Scotland,Scotland,SNP,2.88,0.082,10.957,8.109,14.483,44.173,34.555,True,0,4735,Stephen Flynn,SNP
S14000062,Aberdeenshire North and Moray East,Scotland,Scotland,SNP,0.227,0.044,15.613,2.467,1.853,20.876,21.559,False,0,5280,Seamus Logan,SNP
S14000063,Airdrie and Shotts,Scotland,Scotland,Lab,1.576,0.028,16.332,20.583,3.379,21.262,25.509,False,,5200,Kenneth Stevenson,Lab
E14001063,Aldershot,England,South East,Lab,2.23,0.067,19.637,11.707,20.666,29.943,29.445,False,0,5173,Alex Baker,Lab
E14001064,Aldridge-Brownhills,England,West Midlands,Con,2.204,0.028,21.44,10.496,14.636,27.152,22.436,False,0,4358,Wendy Morton,Con
S14000064,Alloa and Grangemouth,Scotland,Scotland,Lab,1.197,0.036,15.868,14.859,3.101,24.713,23.23,False,0,5196,Brian Leishman,Lab
E14001065,Altrincham and Sale West,England,North West,Lab,6.406,2.091,9.822,8.112,19.439,48.656,20.619,True,0,5159,Connor Rand,Lab
W07000082,Alyn and Deeside,Wales,Wales,Lab,0.553,0.036,23.232,20.266,2.735,27.438,23.655,False,,1383,Mark Tami,Lab
E14001066,Amber Valley,England,East Midlands,Lab,0.242,0.042,26.963,8.356,2.316,24.324,23.562,False,0,5107,Linsey Farnsworth,Lab
S14000065,Angus and Perthshire Glens,Scotland,Scotland,SNP,0.398,0.037,15.276,10.286,2.051,30.589,18.858,False,0,4736,Dave Doogan,SNP
S14000066,Arbroath and Broughty Ferry,Scotland,Scotland,SNP,1.092,0.05,15.502,1.947,3.231,29.524,21.3,False,0,4434,Stephen Gethins,SNP
S14000067,"Argyll, Bute and South Lochaber",Scotland,Scotland,SNP,0.377,0.078,14.341,13.891,2.281,34.104,18.436,False,0,4371,Brendan O'Hara,SNP
E14001067,Arundel and South Downs,England,South East,Con,0.263,0.221,17.128,22.167,3.214,37.447,16.853,False,,4874,Andrew Griffith,Con
E14001068,Ashfield,England,East Midlands,RUK,0.629,0.03,30.583,13.811,4.261,20.821,24.452,False,UNKNOWN,4743,Lee Anderson,RUK
E14001069,Ashford,England,South East,Lab,1.886,0.101,23.647,3.787,13.985,29.378,26.137,False,,5247,Sojan Joseph,Lab
E14001070,Ashton-under-Lyne,England,North West,Lab,10.563,0.045,37.148,19.151,20.505,23.503,28.332,True,0,4356,Angela Rayner,Lab
E14001071,Aylesbury,England,South East,Lab,8.715,0.189,23.707,1.262,21.53,34.625,26.195,False,0,5341,Laura Kyrke-Smith,Lab
S14000107,"Ayr, Carrick and Cumnock",Scotland,Scotland,Lab,0.423,0.046,18.968,10.148,2.155,26.066,20.417,False,,5206,Elaine Stewart,Lab
E14001072,Banbury,England,South East,Lab,3.718,0.141,20.805,6.758,10.295,34.822,24.61,False,,5328,Sean Woodcock,Lab
W07000083,Bangor Aberconwy,Wales,Wales,Lab,1.317,0.049,24.592,11.752,4.766,34.737,25.882,False,0,5113,Claire Hughes,Lab
E14001073,Barking,England,London,Lab,27.562,0.102,41.83,30.304,57.716,34.136,35.85,True,0,5180,Nesil Caliskan,Lab
E14001074,Barnsley North,England,Yorkshire and The Humber,Lab,0.579,0.022,29.783,21.171,3.227,22.7,26.186,False,0,4243,Dan Jarvis,Lab
E14001075,Barnsley South,England,Yorkshire and The Humber,Lab,0.604,0.03,36.162,13.534,3.215,20.192,26.63,False,,4607,Stephanie Peacock,Lab
E14001076,Barrow and Furness,England,North West,Lab,0.401,0.039,23.332,12.61,2.622,27.686,23.424,False,,5049,Michelle Scrogham,Lab
E14001077,Basildon and Billericay,England,East of England,Con,1.857,0.216,26.754,0.047,12.792,25.553,26.946,False,0,4813,Richard Holden,Con
E14001078,Basingstoke,England,South East,Lab,2.009,0.093,20.248,13.236,14.404,32.298,27.579,False,0,5248,Luke Murphy,Lab
E14001079,Bassetlaw,England,East Midlands,Lab,0.631,0.039,29.534,12.853,3.726,24.871,23.542,False,,5105,Jo White,Lab
E14001080,Bath,England,South West,LD,1.514,0.219,15.754,23.308,11.508,45.258,39.801,False,0,4602,Wera Hobhouse,LD
S14000068,Bathgate and Linlithgow,Scotland,Scotland,Lab,0.868,0.04,13.498,19.786,3.498,28.457,23.039,False,0,5179,Kirsteen Sullivan,Lab
E14001081,Battersea,England,London,Lab,8.561,0.488,23.185,25.57,32.1,65.221,48.279,True,0,4676,Marsha De Cordova,Lab
E14001082,Beaconsfield,England,South East,Con,3.627,0.387,13.648,11.43,20.409,42.603,20.355,False,0,4759,Joy Morrissey,Con
E14001083,Beckenham and Penge,England,London,Lab,4.158,0.425,16.243,24.712,27.21,48.631,24.163,True,0,5132,Liam Conlon,Lab
E14001084,Bedford,England,East of England,Lab,10.172,0.101,31.633,23.193,30.701,32.018,28.097,False,0,4598,Mohammad Yasin,Lab
N05000001,Belfast East,Northern Ireland,Northern Ireland,DUP,,,18.312,6.266,5.308,,27.178,,,4360,Gavin Robinson,DUP
N05000002,Belfast North,Northern Ireland,Northern Ireland,SF,,,26.644,13.873,5.08,,29.675,,,4823,John Finucane,SF
N05000003,Belfast South and Mid Down,Northern Ireland,Northern Ireland,SDLP,,,15.981,28.755,10.835,,40.48,,0,4827,Claire Hanna,SDLP
N05000004,Belfast West,Northern Ireland,Northern Ireland,SF,,,28.478,40.161,3.653,,28.404,,,4245,Paul Maskey,SF
E14001085,Bermondsey and Old Southwark,England,London,Lab,9.742,0.449,35.47,20.708,44.011,56.935,48.512,True,,4368,Neil Coyle,Lab
S14000108,"Berwickshire, Roxburgh and Selkirk",Scotland,Scotland,Con,0.327,0.055,16.115,14.174,1.933,29.73,19.028,False,0,4608,John Lamont,Con
E14001086,Bethnal Green and Stepney,England,London,Lab,46.616,0.491,59.188,3.621,64.272,46.195,52.447,True,1,4138,Rushanara Ali,Lab
E14001087,Beverley and Holderness,England,Yorkshire and The Humber,Con,0.4,0.083,21.799,0.276,2.21,31.666,18.848,False,0,1482,Graham Stuart,Con
E14001088,Bexhill and Battle,England,South East,Con,0.577,0.157,25.722,5.564,4.373,29.757,17.463,False,,4860,Kieran Mullan,Con
E14001089,Bexleyheath and Crayford,England,London,Lab,3.706,0.057,21.205,4.864,26.819,30.512,26.062,True,0,5184,Daniel Francis,Lab
E14001090,Bicester and Woodstock,England,South East,LD,1.634,0.132,16.402,9.873,10.623,38.912,24.053,False,0,5346,Calum Miller,LD
E14001091,Birkenhead,England,North West,Lab,1.83,0.067,31.054,31.989,6.46,27.959,26.847,False,,4083,Alison McGovern,Lab
E14001092,Birmingham Edgbaston,England,West Midlands,Lab,16.245,0.384,33.729,22.358,45.774,39.239,35.321,True,0,4603,Preet Gill,Lab
E14001093,Birmingham Erdington,England,West Midlands,Lab,14.218,0.071,42.503,20.561,36.923,24.177,31.346,True,,4938,Paulette Hamilton,Lab
E14001094,Birmingham Hall Green and Moseley,England,West Midlands,Lab,54.422,0.167,48.449,13.594,70.401,33.057,34.826,True,1,4747,Tahir Ali,Lab
E14001095,Birmingham Hodge Hill and Solihull North,England,West Midlands,Lab,37.486,0.049,51.828,4.588,50.337,20.448,34.065,True,1,1171,Liam Byrne,Lab
E14001096,Birmingham Ladywood,England,West Midlands,Lab,48.938,0.093,58.933,9.352,77.674,31.581,52.905,True,1,3914,Shabana Mahmood,Lab
E14001097,Birmingham Northfield,England,West Midlands,Lab,5.263,0.079,35.589,14.313,22.168,27.41,28.361,True,0,5234,Laurence Turner,Lab
E14001098,Birmingham Perry Barr,England,West Midlands,Ind,42.89,0.045,52.575,1.353,78.975,24.906,36.445,True,1,5357,Ayoub Khan,Ind
E14001099,Birmingham Selly Oak,England,West Midlands,Lab,12.901,0.472,30.69,30.026,31.13,32.473,40.257,True,1,5235,Al Carns,Lab
E14001100,Birmingham Yardley,England,West Midlands,Lab,42.558,0.043,50.504,1.917,55.915,23.566,34.374,True,,4370,Jess Phillips,Lab
E14001101,Bishop Auckland,England,North East,Lab,0.295,0.028,31.546,16.504,1.967,25.759,21.448,False,0,5108,Sam Rushworth,Lab
E14001102,Blackburn,England,North West,Ind,46.758,0.021,45.292,0.339,52.176,25.411,32.151,False,1,5231,Adnan Hussain,Ind
E14001103,Blackley and Middleton South,England,North West,Lab,16.315,1.085,43.464,32.706,36.699,27.087,30.389,True,0,449,Graham Stringer,Lab
E14001104,Blackpool North and Fleetwood,England,North West,Lab,0.504,0.098,29.14,11.115,2.724,24.229,20.594,False,0,5232,Lorraine Beavers,Lab
E14001105,Blackpool South,England,North West,Lab,1.656,0.168,43.195,19.466,5.973,22.116,26.122,False,,5025,Chris Webb,Lab
W07000084,Blaenau Gwent and Rhymney,Wales,Wales,Lab,0.404,0.028,32.356,40.716,2.053,20.855,25.321,False,1,3928,Nick Smith,Lab
E14001106,Blaydon and Consett,England,North East,Lab,0.432,0.075,25.035,26.419,2.197,29.158,23.276,False,,4618,Liz Twist,Lab
E14001107,Blyth and Ashington,England,North East,Lab,0.667,0.037,31.545,22.705,2.518,22.589,24.921,False,0,4139,Ian Lavery,Lab
E14001108,Bognor Regis and Littlehampton,England,South East,Con,0.782,0.139,28.949,3.69,4.503,24.829,20.82,False,,5203,Alison Griffiths,Con
E14001109,Bolsover,England,East Midlands,Lab,0.295,0.05,28.681,14.901,2.619,22.212,24.828,False,,5053,Natalie Fleet,Lab
E14001110,Bolton North East,England,North West,Lab,17.039,0.046,37.163,15.344,24.49,26.46,27.481,True,0,5095,Kirith Entwistle,Lab
E14001111,Bolton South and Walkden,England,North West,Lab,25.059,0.116,45.106,18.259,35.406,23.534,32.534,True,1,3924,Yasmin Qureshi,Lab
E14001112,Bolton West,England,North West,Lab,9.763,0.068,26.797,11.088,16.932,33.056,24.281,True,0,5128,Phil Brickell,Lab
E14001113,Bootle,England,North West,Lab,0.859,0.087,31.449,56.541,4.631,23.967,26.649,True,,4397,Peter Dowd,Lab
E14001114,Boston and Skegness,England,East Midlands,RUK,0.987,0.057,37.732,4.968,4.266,18.085,20.946,False,0,5161,Richard Tice,RUK
E14001115,Bournemouth East,England,South West,Lab,2.596,0.536,25.845,12.2,11.937,34.982,26.071,True,0,5210,Tom Hayes,Lab
E14001116,Bournemouth West,England,South West,Lab,2.241,0.43,28.677,8.179,11.509,30.781,36.651,True,,5202,Jessica Toale,Lab
E14001117,Bracknell,England,South East,Lab,1.81,0.144,16.544,1.788,14.34,34.196,26.852,False,0,5165,Peter Swallow,Lab
E14001118,Bradford East,England,Yorkshire and The Humber,Lab,44.248,0.056,53.617,16.63,54.297,21.9,34.156,True,1,4394,Imran Hussain,Lab
E14001119,Bradford South,England,Yorkshire and The Humber,Lab,20.077,0.038,43.702,13.292,29.596,22.63,28.903,True,,4391,Judith Cummins,Lab
E14001120,Bradford West,England,Yorkshire and The Humber,Lab,58.738,0.033,52.38,1.907,70.468,25.294,37.367,True,1,4409,Naz Shah,Lab
E14001121,Braintree,England,East of England,Con,0.689,0.205,21.59,7.486,5.052,25.848,23.291,False,0,4366,James Cleverly,Con
W07000085,"Brecon, Radnor and Cwm Tawe",Wales,Wales,LD,0.319,0.056,23.172,3.162,2.58,32.205,18.944,False,0,5284,David Chadwick,LD
E14001122,Brent East,England,London,Lab,27.222,1.37,47.621,34.514,62.013,38.599,34.433,True,0,1489,Dawn Butler,Lab
E14001123,Brent West,England,London,Lab,17.891,0.661,38.782,9.167,74.404,38.669,40.267,True,0,146,Barry Gardiner,Lab
E14001124,Brentford and Isleworth,England,London,Lab,17.258,0.162,30.756,21.709,54.553,44.899,30.064,True,1,4389,Ruth Cadbury,Lab
E14001125,Brentwood and Ongar,England,East of England,Con,1.467,0.813,15.303,12.373,10.404,33.141,23.61,False,,4613,Alex Burghart,Con
W07000086,Bridgend,Wales,Wales,Lab,0.669,0.028,21.246,20.774,3.921,33.653,23.282,False,0,4572,Chris Elmore,Lab
E14001126,Bridgwater,England,South West,Con,0.563,0.049,28.766,3.362,3.737,23.465,23.992,False,,5101,Ashley Fox,Con
E14001127,Bridlington and The Wolds,England,Yorkshire and The Humber,Con,0.477,0.081,30.811,7.278,1.931,25.912,17.738,False,0,5169,Charlie Dewhirst,Con
E14001128,Brigg and Immingham,England,Yorkshire and The Humber,Con,0.714,0.047,22.0,7.629,2.836,26.107,19.549,False,0,3957,Martin Vickers,Con
E14001129,Brighton Kemptown and Peacehaven,England,South East,Lab,2.877,0.434,28.977,23.75,13.335,34.596,31.998,True,,5276,Chris Ward,Lab
E14001130,Brighton Pavilion,England,South East,Green,2.55,0.674,17.409,27.29,14.666,47.733,41.688,True,0,5314,Siân Berry,Green
E14001131,Bristol Central,England,South West,Green,6.07,0.585,18.493,23.999,21.843,56.289,62.173,True,0,5102,Carla Denyer,Green
E14001132,Bristol East,England,South West,Lab,10.991,0.14,31.643,14.327,23.493,37.384,36.688,True,0,1491,Kerry McCarthy,Lab
E14001133,Bristol North East,England,South West,Lab,8.32,0.096,27.422,26.595,21.183,32.019,33.906,True,0,5010,Damien Egan,Lab
E14001134,Bristol North West,England,South West,Lab,3.648,0.306,19.908,32.331,14.373,43.058,33.409,True,,4621,Darren Jones,Lab
E14001135,Bristol South,England,South West,Lab,2.561,0.113,29.075,17.662,9.91,35.166,36.792,True,,4444,Karin Smyth,Lab
E14001136,Broadland and Fakenham,England,East of England,Con,0.258,0.125,19.772,1.452,2.687,27.4,18.929,False,,4739,Jerome Mayhew,Con
E14001137,Bromley and Biggin Hill,England,London,Con,2.976,0.224,14.629,0.645,21.795,42.43,22.886,True,,5209,Peter Fortune,Con
E14001138,Bromsgrove,England,West Midlands,Con,0.866,0.095,14.466,5.984,6.931,36.619,20.818,False,0,5186,Bradley Thomas,Con
E14001139,Broxbourne,England,East of England,Con,3.957,0.36,23.802,6.654,17.773,27.767,25.459,True,,5050,Lewis Cocking,Con
E14001140,Broxtowe,England,East Midlands,Lab,2.248,0.118,20.42,17.566,10.977,34.622,27.49,True,,5058,Juliet Campbell,Lab
E14001141,Buckingham and Bletchley,England,South East,Lab,4.941,0.156,23.344,5.082,19.825,34.795,24.426,False,,5193,Callum Anderson,Lab
E14001142,Burnley,England,North West,Lab,18.845,0.032,42.147,8.61,22.403,24.599,28.043,False,0,5135,Oliver Ryan,Lab
E14001143,Burton and Uttoxeter,England,West Midlands,Lab,9.532,0.027,31.016,4.966,14.781,27.491,26.412,False,0,5077,Jacob Collier,Lab
E14001144,Bury North,England,North West,Lab,12.271,0.55,31.138,15.255,17.758,30.718,25.088,True,0,4637,James Frith,Lab
E14001145,Bury South,England,North West,Lab,7.374,15.767,33.555,22.175,17.064,33.44,28.669,True,,4871,Christian Wakeford,Lab
E14001146,Bury St Edmunds and Stowmarket,England,East of England,Lab,0.501,0.08,20.681,2.853,5.216,31.244,24.369,False,0,5163,Peter Prinsley,Lab
W07000087,Caerfyrddin,Wales,Wales,PC,0.604,0.062,24.385,9.944,2.848,33.275,19.741,False,0,5177,Ann Davies,PC
W07000088,Caerphilly,Wales,Wales,Lab,0.344,0.048,24.868,16.789,2.486,27.318,24.351,False,,4040,Chris Evans,Lab
S14000069,"Caithness, Sutherland and Easter Ross",Scotland,Scotland,LD,0.362,0.053,14.347,22.778,1.918,28.633,18.313,False,0,4612,Jamie Stone,LD
E14001147,Calder Valley,England,Yorkshire and The Humber,Lab,1.751,0.066,22.572,18.124,5.03,35.61,21.401,False,0,5295,Josh Fenton-Glynn,Lab
E14001148,Camborne and Redruth,England,South West,Lab,0.232,0.091,29.25,16.336,3.132,29.201,22.484,False,0,5208,Perran Moon,Lab
E14001149,Cambridge,England,East of England,Lab,5.0,0.769,18.867,26.314,24.667,55.707,48.34,False,,4382,Daniel Zeichner,Lab
E14001150,Cannock Chase,England,West Midlands,Lab,0.344,0.029,27.673,7.275,3.374,22.731,25.652,False,0,5034,Josh Newbury,Lab
E14001151,Canterbury,England,South East,Lab,2.382,0.223,24.172,18.321,13.557,36.338,32.679,False,,4616,Rosie Duffield,Lab
W07000089,Cardiff East,Wales,Wales,Lab,9.784,0.252,31.389,23.252,22.675,37.139,39.219,True,,4425,Jo Stevens,Lab
W07000090,Cardiff North,Wales,Wales,Lab,4.14,0.18,15.22,23.607,12.24,44.378,28.943,True,,4632,Anna McMorrin,Lab
W07000091,Cardiff South and Penarth,Wales,Wales,Lab,12.069,0.161,30.722,30.036,24.416,40.758,47.225,True,0,4264,Stephen Doughty,Lab
W07000092,Cardiff West,Wales,Wales,Lab,6.665,0.117,27.372,15.682,16.061,40.116,29.356,True,0,5175,Alex Barros-Curtis,Lab
E14001152,Carlisle,England,North West,Lab,0.838,0.041,24.986,11.31,3.289,27.308,24.416,False,0,5094,Julie Minns,Lab
E14001153,Carshalton and Wallington,England,London,LD,6.294,0.165,22.706,16.938,31.368,37.391,24.9,True,0,5083,Bobby Dean,LD
E14001154,Castle Point,England,East of England,Con,0.784,0.732,24.212,8.001,5.185,18.505,21.72,False,,3948,Rebecca Harris,Con
S14000109,Central Ayrshire,Scotland,Scotland,Lab,0.417,0.043,16.368,16.584,2.239,26.756,20.378,False,0,5185,Alan Gemmell,Lab
E14001155,Central Devon,England,South West,Con,0.219,0.089,22.552,0.114,2.225,35.049,18.393,False,,3935,Mel Stride,Con
E14001156,Central Suffolk and North Ipswich,England,East of England,Con,1.29,0.09,20.168,9.241,6.703,29.861,21.292,False,,5303,Patrick Spencer,Con
W07000093,Ceredigion Preseli,Wales,Wales,PC,0.595,0.085,28.676,31.94,3.285,35.118,24.722,False,0,4630,Ben Lake,PC
E14001157,Chatham and Aylesford,England,South East,Lab,2.525,0.07,29.236,4.892,14.222,24.489,27.229,False,,5220,Tristan Osborne,Lab
E14001158,Cheadle,England,North West,LD,8.721,0.989,11.588,24.117,17.363,44.073,20.193,True,0,5090,Tom Morrison,LD
E14001159,Chelmsford,England,East of England,LD,2.792,0.212,18.05,9.372,14.835,36.167,27.895,False,0,5073,Marie Goldman,LD
E14001160,Chelsea and Fulham,England,London,Lab,8.666,1.007,17.548,0.323,29.589,60.583,39.788,True,,5344,Ben Coleman,Lab
E14001161,Cheltenham,England,South West,LD,1.431,0.173,19.391,14.553,8.731,44.766,27.988,False,0,5055,Max Wilkinson,LD
E14001162,Chesham and Amersham,England,South East,LD,4.245,0.52,12.296,10.01,18.004,47.318,19.299,False,0,4918,Sarah Green,LD
E14001163,Chester North and Neston,England,North West,Lab,1.766,0.072,20.08,26.558,6.724,39.272,29.504,False,,4976,Samantha Dixon,Lab
E14001164,Chester South and Eddisbury,England,North West,Con,0.621,0.083,13.686,5.824,3.899,42.863,19.01,False,0,5241,Aphra Brandreth,Con
E14001165,Chesterfield,England,East Midlands,Lab,0.951,0.033,26.177,26.038,4.646,27.437,23.543,False,0,3952,Toby Perkins,Lab
E14001166,Chichester,England,South East,LD,0.739,0.161,24.446,23.432,5.033,33.89,23.005,False,0,5335,Jess Brown-Fuller,LD
E14001167,Chingford and Woodford Green,England,London,Con,13.322,1.522,23.854,9.806,37.139,39.382,25.446,True,,152,Iain Duncan Smith,Con
E14001168,Chippenham,England,South West,LD,0.691,0.088,18.546,16.436,5.86,33.089,25.228,False,,5239,Sarah Gibson,LD
E14001169,Chipping Barnet,England,London,Lab,8.804,9.703,21.969,5.73,36.63,48.633,24.325,True,0,5282,Dan Tomlinson,Lab
E14001170,Chorley,England,North West,Spk,1.457,0.044,19.578,60.579,4.572,33.59,23.25,False,,467,Lindsay Hoyle,Spk
E14001171,Christchurch,England,South West,Con,0.411,0.279,20.989,15.749,3.132,29.434,15.819,False,,242,Christopher Chope,Con
E14001172,Cities of London and Westminster,England,London,Lab,14.433,3.524,19.135,6.906,39.971,62.203,42.188,True,0,5257,Rachel Blake,Lab
E14001173,City of Durham,England,North East,Lab,1.345,0.142,23.218,28.939,7.726,32.782,35.616,False,0,4753,Mary Foy,Lab
E14001174,Clacton,England,East of England,RUK,0.464,0.167,37.379,18.288,3.906,18.153,18.666,False,,5091,Nigel Farage,RUK
E14001175,Clapham and Brixton Hill,England,London,Lab,6.887,0.452,31.877,42.126,41.331,60.293,49.839,True,0,4764,Bell Ribeiro-Addy,Lab
W07000094,Clwyd East,Wales,Wales,Lab,0.45,0.048,22.809,9.665,2.177,32.817,19.941,False,,5181,Becky Gittins,Lab
W07000095,Clwyd North,Wales,Wales,Lab,0.954,0.054,30.821,2.873,4.076,28.976,21.857,False,,5104,Gill German,Lab
S14000070,Coatbridge and Bellshill,Scotland,Scotland,Lab,1.354,0.013,16.001,16.38,3.629,21.298,25.914,False,0,5183,Frank McNally,Lab
E14001176,Colchester,England,East of England,Lab,2.746,0.157,24.142,18.373,16.463,33.293,31.756,False,,5042,Pam Cox,Lab
E14001177,Colne Valley,England,Yorkshire and The Humber,Lab,3.65,0.048,20.507,10.738,9.323,37.159,22.278,False,0,5317,Paul Davies,Lab
E14001178,Congleton,England,North West,Lab,0.44,0.092,14.763,6.757,3.201,37.461,21.041,False,,5324,Sarah Russell,Lab
E14001179,Corby and East Northamptonshire,England,East Midlands,Lab,0.644,0.09,25.313,12.767,6.835,26.883,24.466,False,,5315,Lee Barron,Lab
E14001180,Coventry East,England,West Midlands,Lab,13.433,0.077,37.568,31.402,38.84,26.177,32.175,True,,1579,Mary Creagh,Lab
E14001181,Coventry North West,England,West Midlands,Lab,7.29,0.05,29.279,26.586,25.034,29.64,30.706,True,,4779,Taiwo Owatemi,Lab
E14001182,Coventry South,England,West Midlands,Lab,10.094,0.095,29.406,23.873,38.644,35.469,45.773,True,0,4786,Zarah Sultana,Lab
S14000071,Cowdenbeath and Kirkcaldy,Scotland,Scotland,Lab,1.335,0.04,17.184,17.759,3.974,28.093,22.368,False,0,5240,Melanie Ward,Lab
E14001183,Cramlington and Killingworth,England,North East,Lab,0.673,0.057,22.115,28.242,3.574,28.954,23.617,True,,5029,Emma Foody,Lab
E14001184,Crawley,England,South East,Lab,9.723,0.081,29.13,11.47,26.629,27.545,29.286,False,,5345,Peter Lamb,Lab
E14001185,Crewe and Nantwich,England,North West,Lab,1.266,0.072,27.19,20.609,7.097,29.247,26.225,False,,5273,Connor Naismith,Lab
E14001186,Croydon East,England,London,Lab,7.939,0.156,32.932,15.59,44.766,36.551,27.956,True,,5119,Natasha Irons,Lab
E14001187,Croydon South,England,London,Con,6.6,0.196,18.276,4.684,37.166,46.101,24.783,True,0,4503,Chris Philp,Con
E14001188,Croydon West,England,London,Lab,14.337,0.148,38.593,37.317,66.704,39.686,35.657,True,0,4631,Sarah Jones,Lab
S14000072,Cumbernauld and Kirkintilloch,Scotland,Scotland,Lab,1.2,0.028,15.478,10.113,3.812,26.409,24.069,False,0,5309,Katrina Murray,Lab
E14001189,Dagenham and Rainham,England,London,Lab,14.635,0.159,36.565,18.455,41.99,29.853,31.786,True,,5272,Margaret Mullane,Lab
E14001190,Darlington,England,North East,Lab,1.852,0.034,30.342,5.423,5.903,27.959,24.955,False,,5037,Lola McEvoy,Lab
E14001191,Dartford,England,South East,Lab,3.654,0.077,20.888,2.679,26.686,32.84,27.975,True,,5223,Jim Dickson,Lab
E14001192,Daventry,England,East Midlands,Con,0.826,0.102,17.684,5.674,5.726,33.808,21.905,False,0,4032,Stuart Andrew,Con
E14001193,Derby North,England,East Midlands,Lab,5.974,0.05,27.166,21.787,19.806,32.622,31.599,True,,5143,Catherine Atkinson,Lab
E14001194,Derby South,England,East Midlands,Lab,19.087,0.064,42.967,16.049,38.516,25.429,33.184,True,,5176,Baggy Shanker,Lab
E14001195,Derbyshire Dales,England,East Midlands,Lab,0.378,0.075,16.481,0.683,2.713,39.031,18.049,False,0,5342,John Whitby,Lab
E14001196,Dewsbury and Batley,England,Yorkshire and The Humber,Ind,43.679,0.03,47.299,18.214,48.786,22.574,31.818,True,1,5268,Iqbal Mohamed,Ind
E14001197,Didcot and Wantage,England,South East,LD,1.034,0.178,15.954,11.388,7.592,41.645,25.423,False,,5318,Olly Glover,LD
E14001198,Doncaster Central,England,Yorkshire and The Humber,Lab,4.831,0.049,35.055,25.171,12.472,24.449,26.462,False,,5178,Sally Jameson,Lab
E14001199,Doncaster East and the Isle of Axholme,England,Yorkshire and The Humber,Lab,1.061,0.031,28.03,5.906,3.885,24.813,22.572,False,,5233,Lee Pitcher,Lab
E14001200,Doncaster North,England,Yorkshire and The Humber,Lab,0.473,0.03,36.205,29.437,3.252,21.03,25.253,False,0,1510,Ed Miliband,Lab
E14001201,Dorking and Horley,England,South East,LD,1.542,0.242,14.169,10.79,8.307,39.536,20.428,False,0,5198,Chris Coghlan,LD
E14001202,Dover and Deal,England,South East,Lab,0.643,0.086,29.296,15.877,5.3,25.933,22.195,False,0,5266,Mike Tapp,Lab
E14001203,Droitwich and Evesham,England,West Midlands,Con,0.651,0.081,21.769,18.132,3.341,31.908,21.152,False,0,4407,Nigel Huddleston,Con
E14001204,Dudley,England,West Midlands,Lab,7.587,0.029,35.419,5.308,19.779,22.742,28.203,True,0,5274,Sonia Kumar,Lab
E14001205,Dulwich and West Norwood,England,London,Lab,7.575,0.429,26.496,41.406,45.112,56.311,36.615,True,0,4510,Helen Hayes,Lab
S14000073,Dumfries and Galloway,Scotland,Scotland,Con,0.506,0.033,17.527,2.032,2.203,26.831,19.183,False,0,5358,John Cooper,Con
S14000074,"Dumfriesshire, Clydesdale and Tweeddale",Scotland,Scotland,Con,0.236,0.072,15.07,9.594,1.608,29.558,17.712,False,0,1512,David Mundell,Con
S14000075,Dundee Central,Scotland,Scotland,SNP,5.127,0.069,19.326,1.738,12.454,31.627,36.888,False,0,4403,Chris Law,SNP
S14000076,Dunfermline and Dollar,Scotland,Scotland,Lab,1.23,0.043,13.078,18.504,4.304,31.581,23.091,False,0,5275,Graeme Downie,Lab
E14001206,Dunstable and Leighton Buzzard,England,East of England,Lab,2.09,0.199,19.817,1.449,12.726,30.85,26.616,False,,5141,Alex Mayer,Lab
W07000096,Dwyfor Meirionnydd,Wales,Wales,PC,0.314,0.053,25.3,39.302,1.812,33.926,21.254,False,0,4521,Liz Saville Roberts,PC
E14001207,Ealing Central and Acton,England,London,Lab,16.639,0.489,29.336,29.297,44.293,54.903,36.974,True,0,4511,Rupa Huq,Lab
E14001208,Ealing North,England,London,Lab,20.347,0.186,37.838,28.958,56.795,39.036,31.333,True,,4797,James Murray,Lab
E14001209,Ealing Southall,England,London,Lab,19.317,0.183,35.943,33.734,69.323,38.511,34.108,True,1,5075,Deirdre Costigan,Lab
E14001210,Earley and Woodley,England,South East,Lab,8.565,0.162,16.412,1.847,30.462,40.533,28.37,True,0,5267,Yuan Yang,Lab
E14001211,Easington,England,North East,Lab,0.336,0.033,33.227,19.06,1.918,21.22,24.642,False,,3973,Grahame Morris,Lab
N05000005,East Antrim,Northern Ireland,Northern Ireland,DUP,,,18.896,3.292,2.145,,22.712,,0,1593,Sammy Wilson,DUP
E14001212,East Grinstead and Uckfield,England,South East,Con,0.914,0.241,15.476,16.828,5.872,36.318,20.333,False,0,4513,Mims Davies,Con
E14001213,East Ham,England,London,Lab,47.137,0.072,51.364,33.946,79.721,33.679,41.314,True,,163,Stephen Timms,Lab
E14001214,East Hampshire,England,South East,Con,0.478,0.178,15.378,2.55,3.953,40.068,18.558,False,,3969,Damian Hinds,Con
S14000077,East Kilbride and Strathaven,Scotland,Scotland,Lab,1.056,0.108,11.698,19.391,3.807,29.568,23.815,False,0,5079,Joani Reid,Lab
N05000006,East Londonderry,Northern Ireland,Northern Ireland,DUP,,,23.031,0.434,1.57,,23.739,,0,1409,Gregory Campbell,DUP
S14000021,East Renfrewshire,Scotland,Scotland,Lab,5.464,1.561,9.224,16.766,12.527,44.583,19.626,True,0,5076,Blair McDougall,Lab
E14001215,East Surrey,England,South East,Con,1.547,0.174,15.694,15.144,11.361,37.307,21.583,False,,4806,Claire Coutinho,Con
E14001216,East Thanet,England,South East,Lab,1.694,0.153,37.386,16.321,7.792,26.574,22.982,False,0,5123,Polly Billington,Lab
E14001217,East Wiltshire,England,South West,Con,0.605,0.087,17.426,9.993,8.141,33.126,25.75,False,0,4858,Danny Kruger,Con
E14001218,East Worthing and Shoreham,England,South East,Lab,1.431,0.32,20.328,19.396,7.353,29.779,20.432,False,0,5222,Tom Rutland,Lab
E14001219,Eastbourne,England,South East,LD,2.227,0.184,30.916,26.76,9.184,29.808,22.662,False,0,5086,Josh Babarinde,LD
E14001220,Eastleigh,England,South East,LD,1.342,0.087,17.458,3.33,9.143,34.235,23.407,False,,5040,Liz Jarvis,LD
S14000078,Edinburgh East and Musselburgh,Scotland,Scotland,Lab,3.78,0.266,16.954,8.151,15.94,43.702,42.023,True,0,5245,Chris Murray,Lab
S14000079,Edinburgh North and Leith,Scotland,Scotland,Lab,3.308,0.269,19.239,14.69,15.076,55.879,39.052,True,0,5188,Tracy Gilbert,Lab
S14000080,Edinburgh South,Scotland,Scotland,Lab,3.537,0.341,10.921,36.841,15.665,53.312,34.433,True,,3966,Ian Murray,Lab
S14000081,Edinburgh South West,Scotland,Scotland,Lab,3.791,0.156,14.833,13.615,16.352,46.759,39.728,True,0,5212,Scott Arthur,Lab
S14000082,Edinburgh West,Scotland,Scotland,LD,2.689,0.177,9.23,31.389,10.805,48.285,22.514,True,0,4634,Christine Jardine,LD
E14001221,Edmonton and Winchmore Hill,England,London,Lab,22.823,0.58,46.861,30.776,54.032,33.374,28.613,True,0,4515,Kate Osamor,Lab
E14001222,Ellesmere Port and Bromborough,England,North West,Lab,0.891,0.076,25.126,40.292,4.044,27.143,26.367,False,,4418,Justin Madders,Lab
E14001223,Eltham and Chislehurst,England,London,Lab,5.475,0.245,23.842,18.498,28.662,40.038,26.849,True,0,165,Clive Efford,Lab
E14001224,Ely and East Cambridgeshire,England,East of England,LD,0.711,0.17,16.297,0.945,6.377,37.03,22.28,False,0,5182,Charlotte Cane,LD
E14001225,Enfield North,England,London,Lab,17.72,0.567,42.647,29.284,47.591,33.807,29.443,True,,4822,Feryal Clark,Lab
E14001226,Epping Forest,England,East of England,Con,4.221,3.721,18.74,13.609,18.82,34.324,24.07,True,,4853,Neil Hudson,Con
E14001227,Epsom and Ewell,England,South East,LD,4.109,0.238,13.022,6.76,18.108,44.566,22.265,True,0,5336,Helen Maguire,LD
E14001228,Erewash,England,East Midlands,Lab,0.461,0.034,25.919,13.624,4.818,24.457,25.741,False,,5044,Adam Thompson,Lab
E14001229,Erith and Thamesmead,England,London,Lab,8.782,0.105,34.928,40.372,53.844,37.037,32.924,True,,4820,Abena Oppong-Asare,Lab
E14001230,Esher and Walton,England,South East,LD,2.633,0.514,11.97,22.277,13.831,51.582,19.725,True,0,5299,Monica Harding,LD
E14001231,Exeter,England,South West,Lab,2.268,0.176,22.58,29.698,10.584,34.215,44.168,False,,5064,Steve Race,Lab
E14001232,Exmouth and Exeter East,England,South West,Con,0.722,0.093,19.176,0.236,3.854,35.126,23.347,False,,5347,David Reed,Con
S14000083,Falkirk,Scotland,Scotland,Lab,1.502,0.024,14.675,11.721,3.852,25.996,24.479,False,0,5110,Euan Stainbank,Lab
E14001233,Fareham and Waterlooville,England,South East,Con,0.649,0.086,19.566,12.128,4.246,29.538,21.625,False,0,4475,Suella Braverman,Con
E14001234,Farnham and Bordon,England,South East,Con,1.374,0.187,13.666,2.545,6.603,42.853,21.567,False,0,5351,Greg Stafford,Con
E14001235,Faversham and Mid Kent,England,South East,Con,1.092,0.094,22.926,3.153,6.311,29.04,22.44,False,,4527,Helen Whately,Con
E14001236,Feltham and Heston,England,London,Lab,17.788,0.065,35.981,20.428,62.642,32.692,32.412,True,0,4253,Seema Malhotra,Lab
N05000007,Fermanagh and South Tyrone,Northern Ireland,Northern Ireland,SF,,,21.047,8.949,4.109,,23.91,,,5261,Pat Cullen,SF
E14001237,Filton and Bradley Stoke,England,South West,Lab,2.798,0.068,16.474,19.854,14.765,37.46,34.942,True,,5306,Claire Hazelgrove,Lab
E14001238,Finchley and Golders Green,England,London,Lab,10.925,20.84,26.903,9.294,39.492,53.007,28.29,True,,5204,Sarah Sackman,Lab
E14001239,Folkestone and Hythe,England,South East,Lab,1.106,0.127,30.948,8.623,8.059,26.698,21.248,False,0,5067,Tony Vaughan,Lab
E14001240,Forest of Dean,England,South West,Lab,0.276,0.062,25.304,0.578,2.52,29.311,20.666,False,,5323,Matt Bishop,Lab
N05000008,Foyle,Northern Ireland,Northern Ireland,SDLP,,,24.74,10.861,2.686,,26.778,,,4846,Colum Eastwood,SDLP
E14001241,Frome and East Somerset,England,South West,LD,0.29,0.141,20.378,11.591,3.178,32.673,21.511,False,0,5286,Anna Sabine,LD
E14001242,Fylde,England,North West,Con,0.687,0.31,20.583,1.17,3.69,34.626,17.993,False,,5072,Andrew Snowden,Con
E14001243,Gainsborough,England,East Midlands,Con,0.403,0.047,24.446,7.566,3.039,29.312,20.054,False,0,345,Edward Leigh,Con
E14001244,Gateshead Central and Whickham,England,North East,Lab,2.86,2.863,29.379,23.98,8.863,29.907,28.858,False,0,5031,Mark Ferguson,Lab
E14001245,Gedling,England,East Midlands,Lab,2.362,0.077,21.906,24.385,11.386,31.546,23.297,True,,5146,Michael Payne,Lab
E14001246,Gillingham and Rainham,England,South East,Lab,2.948,0.067,27.206,9.655,15.851,25.246,27.168,False,0,5215,Naushabah Khan,Lab
S14000084,Glasgow East,Scotland,Scotland,Lab,9.114,0.12,30.923,10.676,19.815,30.57,37.71,True,0,5170,John Grady,Lab
S14000085,Glasgow North,Scotland,Scotland,Lab,6.823,0.246,22.905,10.187,24.184,41.724,50.863,True,0,5251,Martin Rhodes,Lab
S14000086,Glasgow North East,Scotland,Scotland,Lab,5.059,0.096,25.263,13.602,16.657,24.094,38.765,True,,5137,Maureen Burke,Lab
S14000087,Glasgow South,Scotland,Scotland,Lab,7.666,0.221,23.098,9.802,15.304,40.875,33.897,True,0,5189,Gordon McKee,Lab
S14000088,Glasgow South West,Scotland,Scotland,Lab,14.262,0.119,26.752,9.21,24.199,30.738,33.805,True,0,5213,Zubir Ahmed,Lab
S14000089,Glasgow West,Scotland,Scotland,Lab,5.2,0.154,19.713,16.155,16.293,42.635,36.426,True,0,5190,Patricia Ferguson,Lab
E14001247,Glastonbury and Somerton,England,South West,LD,0.333,0.083,22.07,13.876,2.744,32.208,19.729,False,,4995,Sarah Dyke,LD
S14000090,Glenrothes and Mid Fife,Scotland,Scotland,Lab,0.862,0.022,20.712,8.174,2.843,19.044,23.592,False,,5253,Richard Baker,Lab
E14001248,Gloucester,England,South West,Lab,5.101,0.054,29.043,7.509,15.807,26.906,30.021,False,0,5349,Alex McIntyre,Lab
E14001249,Godalming and Ash,England,South East,Con,0.907,0.23,12.505,1.629,6.191,44.17,20.286,False,,1572,Jeremy Hunt,Con
E14001250,Goole and Pocklington,England,Yorkshire and The Humber,Con,0.635,0.089,17.834,7.181,2.922,32.183,21.191,False,0,373,David Davis,Con
S14000091,Gordon and Buchan,Scotland,Scotland,Con,0.49,0.035,8.934,2.002,2.521,32.115,19.269,False,0,5311,Harriet Cross,Con
E14001251,Gorton and Denton,England,North West,Lab,28.385,0.071,47.636,36.688,43.443,27.512,32.004,True,,1506,Andrew Gwynne,Lab
E14001252,Gosport,England,South East,Con,0.527,0.05,26.796,13.673,4.435,26.376,23.219,False,0,4008,Caroline Dinenage,Con
W07000097,Gower,Wales,Wales,Lab,1.247,0.05,17.363,24.491,4.282,37.449,21.552,False,,4623,Tonia Antoniazzi,Lab
E14001253,Grantham and Bourne,England,East Midlands,Con,0.575,0.08,23.299,9.747,4.404,28.271,21.212,False,0,4850,Gareth Davies,Con
E14001254,Gravesham,England,South East,Lab,3.111,0.071,27.456,6.273,23.394,26.695,26.717,True,0,5269,Lauren Sullivan,Lab
E14001255,Great Grimsby and Cleethorpes,England,Yorkshire and The Humber,Lab,1.314,0.04,43.477,13.116,3.904,19.561,25.592,False,,4464,Melanie Onn,Lab
E14001256,Great Yarmouth,England,East of England,RUK,0.725,0.063,36.466,3.5,5.403,18.244,22.157,False,,5158,Rupert Lowe,RUK
E14001257,Greenwich and Woolwich,England,London,Lab,9.091,0.269,29.133,42.993,44.692,55.381,40.519,True,0,4520,Matthew Pennycook,Lab
E14001258,Guildford,England,South East,LD,2.53,0.263,13.205,17.454,15.498,46.117,34.602,False,,5313,Zöe Franklin,LD
E14001259,Hackney North and Stoke Newington,England,London,Lab,13.467,12.648,58.325,36.817,44.836,48.765,41.404,True,0,172,Diane Abbott,Lab
E14001260,Hackney South and Shoreditch,England,London,Lab,13.333,1.167,39.254,35.34,49.55,54.528,46.626,True,0,1524,Meg Hillier,Lab
E14001261,Halesowen,England,West Midlands,Lab,7.778,0.032,31.376,11.312,17.614,24.932,25.798,True,0,5238,Alex Ballinger,Lab
E14001262,Halifax,England,Yorkshire and The Humber,Lab,16.653,0.082,39.191,15.589,22.137,26.303,27.293,False,,5224,Kate Dearden,Lab
E14001263,Hamble Valley,England,South East,Con,0.57,0.061,16.081,8.892,5.074,35.5,22.904,False,0,4803,Paul Holmes,Con
S14000092,Hamilton and Clyde Valley,Scotland,Scotland,Lab,1.18,0.054,15.594,22.507,3.899,26.376,23.975,False,,5136,Imogen Walker,Lab
E14001264,Hammersmith and Chiswick,England,London,Lab,11.603,0.782,22.449,33.224,36.652,58.404,37.015,True,0,1516,Andy Slaughter,Lab
E14001265,Hampstead and Highgate,England,London,Lab,11.503,7.59,20.577,30.834,34.501,64.692,34.715,True,0,4518,Tulip Siddiq,Lab
E14001266,"Harborough, Oadby and Wigston",England,East Midlands,Con,6.831,0.166,18.513,4.72,24.703,35.339,24.434,False,0,4679,Neil O'Brien,Con
E14001267,Harlow,England,East of England,Lab,3.531,0.389,28.025,5.775,15.559,25.49,27.274,False,,5237,Chris Vince,Lab
E14001268,Harpenden and Berkhamsted,England,East of England,LD,1.086,0.67,8.981,19.707,8.259,51.79,17.806,False,,5201,Victoria Collins,LD
E14001269,Harrogate and Knaresborough,England,Yorkshire and The Humber,LD,0.677,0.238,14.196,15.823,5.151,40.887,21.266,False,,5032,Tom Gordon,LD
E14001270,Harrow East,England,London,Con,15.091,4.325,35.565,24.447,63.514,40.686,30.217,True,0,4005,Bob Blackman,Con
E14001271,Harrow West,England,London,Lab,17.775,0.484,32.112,14.681,65.762,45.232,33.024,True,1,177,Gareth Thomas,Lab
E14001272,Hartlepool,England,North East,Lab,1.314,0.029,33.774,21.678,3.541,24.805,25.898,False,0,5045,Jonathan Brash,Lab
E14001273,Harwich and North Essex,England,East of England,Con,0.852,0.158,22.437,2.419,6.062,27.816,22.367,False,0,40,Bernard Jenkin,Con
E14001274,Hastings and Rye,England,South East,Lab,1.736,0.199,34.714,18.815,7.891,28.644,21.67,False,0,5192,Helena Dollimore,Lab
E14001275,Havant,England,South East,Con,0.53,0.069,30.412,0.218,4.23,26.701,22.033,False,,4484,Alan Mak,Con
E14001276,Hayes and Harlington,England,London,Lab,19.975,0.085,37.21,31.4,67.958,32.105,37.047,True,1,178,John McDonnell,Lab
E14001277,Hazel Grove,England,North West,LD,1.413,0.131,18.578,14.131,5.581,33.421,21.968,True,0,5070,Lisa Smart,LD
E14001278,Hemel Hempstead,England,East of England,Lab,4.368,0.53,23.232,11.012,16.616,32.966,27.289,True,0,5348,David Taylor,Lab
E14001279,Hendon,England,London,Lab,16.542,14.18,34.08,0.036,50.329,45.721,34.156,True,,5360,David Pinto-Duschinsky,Lab
E14001280,Henley and Thame,England,South East,LD,0.81,0.251,12.222,11.79,5.88,44.71,19.716,False,0,5296,Freddie Van Mierlo,LD
E14001281,Hereford and South Herefordshire,England,West Midlands,Con,0.542,0.06,25.373,2.807,3.73,30.846,21.983,False,0,3991,Jesse Norman,Con
E14001282,Herne Bay and Sandwich,England,South East,Con,0.746,0.203,27.142,5.118,4.668,27.022,19.549,False,,87,Roger Gale,Con
E14001283,Hertford and Stortford,England,East of England,Lab,1.479,0.356,13.776,8.791,9.105,40.067,24.634,False,,5187,Joshua Robert Abraham Dean,Lab
E14001284,Hertsmere,England,East of England,Con,3.57,16.897,19.428,16.648,22.041,39.248,23.366,False,0,4441,Oliver Dowden,Con
E14001285,Hexham,England,North East,Lab,0.635,0.065,16.014,7.164,3.311,39.191,17.656,False,0,5081,Joe Morris,Lab
E14001286,Heywood and Middleton North,England,North West,Lab,10.412,0.117,34.324,16.38,17.996,26.357,27.108,True,0,5084,Elsie Blundell,Lab
E14001287,High Peak,England,East Midlands,Lab,0.263,0.06,19.761,16.071,2.552,35.583,20.795,False,0,5115,Jon Pearce,Lab
E14001288,Hinckley and Bosworth,England,East Midlands,Con,0.648,0.033,20.176,11.314,5.028,29.376,22.436,False,,4781,Luke Evans,Con
E14001289,Hitchin,England,East of England,Lab,1.512,0.231,14.466,15.443,11.95,40.491,23.945,False,0,5000,Alistair Strathern,Lab
E14001290,Holborn and St Pancras,England,London,Lab,19.716,2.03,37.627,29.978,45.191,51.001,49.339,True,1,4514,Keir Starmer,Lab
E14001291,Honiton and Sidmouth,England,South West,LD,0.359,0.108,21.141,13.227,2.587,32.372,16.469,False,0,4942,Richard Foord,LD
E14001292,Hornchurch and Upminster,England,London,Con,4.004,0.383,21.564,4.142,20.096,29.311,24.735,True,,4647,Julia Lopez,Con
E14001293,Hornsey and Friern Barnet,England,London,Lab,7.603,4.073,19.983,44.149,30.256,60.191,29.633,True,0,4523,Catherine West,Lab
E14001294,Horsham,England,South East,LD,1.093,0.165,14.614,4.535,7.613,37.228,22.177,False,0,5329,John Milne,LD
E14001295,Houghton and Sunderland South,England,North East,Lab,0.368,0.031,29.281,17.908,2.515,23.062,25.117,False,,4046,Bridget Phillipson,Lab
E14001296,Hove and Portslade,England,South East,Lab,3.395,1.376,19.12,38.126,14.31,46.517,28.647,True,,4505,Peter Kyle,Lab
E14001297,Huddersfield,England,Yorkshire and The Humber,Lab,21.572,0.041,38.455,11.286,38.227,30.103,31.476,False,0,5289,Harpreet Uppal,Lab
E14001298,Huntingdon,England,East of England,Con,1.915,0.123,17.455,2.88,8.804,35.001,23.499,False,,5089,Ben Obese-Jecty,Con
E14001299,Hyndburn,England,North West,Lab,14.82,0.047,38.983,4.638,17.618,25.51,27.926,False,0,5117,Sarah Smith,Lab
E14001300,Ilford North,England,London,Lab,30.559,3.412,30.577,1.126,67.092,41.817,32.499,True,1,4504,Wes Streeting,Lab
E14001301,Ilford South,England,London,Lab,41.395,0.301,40.755,16.745,78.019,37.577,37.896,True,1,5227,Jas Athwal,Lab
S14000093,Inverclyde and Renfrewshire West,Scotland,Scotland,Lab,0.624,0.039,14.447,15.789,2.781,27.195,21.675,False,,5129,Martin McCluskey,Lab
S14000094,"Inverness, Skye and West Ross-shire",Scotland,Scotland,LD,0.675,0.05,12.789,4.495,3.356,32.346,22.629,False,,5362,Angus MacDonald,LD
E14001302,Ipswich,England,East of England,Lab,4.011,0.071,33.998,16.798,16.555,27.362,28.178,False,,5131,Jack Abbott,Lab
E14001303,Isle of Wight East,England,South East,Con,0.336,0.083,32.68,9.751,2.768,26.271,16.77,False,,5255,Joe Robertson,Con
E14001304,Isle of Wight West,England,South East,Lab,0.505,0.11,29.067,9.265,3.263,28.56,19.814,False,0,5144,Richard Quigley,Lab
E14001305,Islington North,England,London,Ind,12.43,1.443,33.032,14.788,38.13,57.564,43.676,True,0,185,Jeremy Corbyn,Ind
E14001306,Islington South and Finsbury,England,London,Lab,11.397,1.09,35.251,36.149,37.611,56.22,47.86,True,0,1536,Emily Thornberry,Lab
E14001307,Jarrow and Gateshead East,England,North East,Lab,1.423,0.033,30.512,24.406,4.191,23.605,25.055,False,,4783,Kate Osborne,Lab
E14001308,Keighley and Ilkley,England,Yorkshire and The Humber,Con,15.74,0.057,34.846,3.518,19.834,31.96,23.586,True,0,4861,Robbie Moore,Con
E14001309,Kenilworth and Southam,England,West Midlands,Con,0.772,0.137,12.867,12.329,7.017,43.528,22.101,False,0,1560,Jeremy Wright,Con
E14001310,Kensington and Bayswater,England,London,Lab,12.582,1.921,17.04,6.927,38.617,60.555,36.231,True,0,5229,Joe Powell,Lab
E14001311,Kettering,England,East Midlands,Lab,1.409,0.075,23.5,7.605,9.8,28.325,24.976,False,,5331,Rosie Wrighting,Lab
S14000110,Kilmarnock and Loudoun,Scotland,Scotland,Lab,0.655,0.06,16.08,12.051,2.351,24.824,22.793,False,0,5043,Lillian Jones,Lab
E14001312,Kingston and Surbiton,England,London,LD,6.942,0.394,19.086,34.018,29.483,49.43,31.127,True,0,188,Ed Davey,LD
E14001313,Kingston upon Hull East,England,Yorkshire and The Humber,Lab,1.151,0.05,38.167,13.147,3.882,18.606,27.956,True,,4030,Karl Turner,Lab
E14001314,Kingston upon Hull North and Cottingham,England,Yorkshire and The Humber,Lab,4.576,0.05,33.985,27.935,10.493,26.748,32.861,True,,1533,Diana Johnson,Lab
E14001315,Kingston upon Hull West and Haltemprice,England,Yorkshire and The Humber,Lab,3.165,0.074,31.398,23.519,7.774,25.582,27.045,True,,4645,Emma Hardy,Lab
E14001316,Kingswinford and South Staffordshire,England,West Midlands,Con,0.473,0.026,18.162,13.951,5.747,30.321,20.088,True,,4384,Mike Wood,Con
E14001317,Knowsley,England,North West,Lab,0.556,0.051,32.199,50.82,4.141,22.602,28.529,True,,5038,Anneliese Midgley,Lab
N05000009,Lagan Valley,Northern Ireland,Northern Ireland,APNI,,,15.883,6.029,2.886,,24.124,,,5125,Sorcha-Lucy Eastwood,APNI
E14001318,Lancaster and Wyre,England,North West,Lab,2.435,0.117,20.954,21.515,8.704,34.301,32.612,False,0,4436,Cat Smith,Lab
E14001319,Leeds Central and Headingley,England,Yorkshire and The Humber,Lab,9.938,0.686,35.837,26.656,28.947,39.091,68.315,True,0,4658,Alex Sobel,Lab
E14001320,Leeds East,England,Yorkshire and The Humber,Lab,12.712,0.18,41.528,28.6,26.018,26.086,29.759,True,0,4493,Richard Burgon,Lab
E14001321,Leeds North East,England,Yorkshire and The Humber,Lab,13.554,4.113,23.75,35.608,36.26,48.153,26.902,True,0,415,Fabian Hamilton,Lab
E14001322,Leeds North West,England,Yorkshire and The Humber,Lab,2.126,0.334,12.525,23.899,8.3,43.115,22.736,True,,5260,Katie White,Lab
E14001323,Leeds South,England,Yorkshire and The Humber,Lab,12.077,0.119,48.442,35.605,32.112,28.51,39.387,True,,413,Hilary Benn,Lab
E14001324,Leeds South West and Morley,England,Yorkshire and The Humber,Lab,1.707,0.126,21.868,20.948,8.596,28.245,26.815,True,0,5166,Mark Sewards,Lab
E14001325,Leeds West and Pudsey,England,Yorkshire and The Humber,Lab,5.778,0.174,30.28,32.192,15.411,30.856,30.521,True,,4031,Rachel Reeves,Lab
E14001326,Leicester East,England,East Midlands,Con,25.637,0.038,42.274,9.475,79.892,23.091,32.556,True,,5068,Shivani Raja,Con
E14001327,Leicester South,England,East Midlands,Ind,34.829,0.191,43.515,2.34,61.043,30.793,45.929,True,1,5120,Shockat Adam,Ind
E14001328,Leicester West,England,East Midlands,Lab,10.477,0.041,39.36,24.796,36.61,26.471,37.496,True,0,4026,Liz Kendall,Lab
E14001329,Leigh and Atherton,England,North West,Lab,1.472,0.029,26.048,21.572,6.033,25.248,26.751,True,,4673,Jo Platt,Lab
E14001330,Lewes,England,South East,LD,0.699,0.295,22.533,23.741,5.041,34.817,18.326,False,,5265,James MacCleary,LD
E14001331,Lewisham East,England,London,Lab,7.481,0.175,33.112,44.474,51.291,42.627,30.464,True,0,4698,Janet Daby,Lab
E14001332,Lewisham North,England,London,Lab,8.314,0.314,31.582,35.733,50.098,54.259,41.473,True,,4491,Vicky Foxcroft,Lab
E14001333,Lewisham West and East Dulwich,England,London,Lab,5.26,0.395,21.05,39.637,37.841,57.552,32.195,True,0,4620,Ellie Reeves,Lab
E14001334,Leyton and Wanstead,England,London,Lab,22.211,0.909,30.286,31.931,48.049,47.191,31.835,True,1,5054,Calvin Bailey,Lab
E14001335,Lichfield,England,West Midlands,Lab,0.493,0.054,17.947,1.65,4.021,34.197,21.318,False,,5126,Dave Robertson,Lab
E14001336,Lincoln,England,East Midlands,Lab,1.682,0.067,30.443,20.856,7.268,26.904,37.755,False,0,5148,Hamish Falconer,Lab
E14001337,Liverpool Garston,England,North West,Lab,1.871,0.768,23.675,47.875,8.893,34.379,24.441,True,,483,Maria Eagle,Lab
E14001338,Liverpool Riverside,England,North West,Lab,10.106,0.159,45.461,45.684,25.82,31.531,55.143,True,0,4824,Kim Johnson,Lab
E14001339,Liverpool Walton,England,North West,Lab,1.431,0.105,35.073,54.885,7.833,22.92,28.601,True,,4651,Dan Carden,Lab
E14001340,Liverpool Wavertree,England,North West,Lab,8.295,0.684,32.82,40.949,21.855,36.982,41.726,True,0,4828,Paula Barker,Lab
E14001341,Liverpool West Derby,England,North West,Lab,2.394,0.117,32.342,53.736,9.921,26.277,28.618,True,0,4831,Ian Byrne,Lab
S14000095,Livingston,Scotland,Scotland,Lab,2.101,0.041,15.864,7.868,6.313,26.746,24.615,False,0,5167,Gregor Poynton,Lab
W07000098,Llanelli,Wales,Wales,Lab,0.487,0.05,25.894,3.691,2.737,29.258,22.492,False,,1541,Nia Griffith,Lab
S14000096,Lothian East,Scotland,Scotland,Lab,0.717,0.065,11.374,27.577,2.795,34.829,21.649,False,0,632,Douglas Alexander,Lab
E14001342,Loughborough,England,East Midlands,Lab,4.312,0.094,22.485,11.737,17.002,32.988,36.301,False,0,5259,Jeevun Sandher,Lab
E14001343,Louth and Horncastle,England,East Midlands,Con,0.287,0.062,29.19,11.846,2.085,23.824,17.37,False,,4399,Victoria Atkins,Con
E14001344,Lowestoft,England,East of England,Lab,0.42,0.078,33.788,4.82,3.024,20.878,20.934,False,,5156,Jess Asato,Lab
E14001345,Luton North,England,East of England,Lab,32.545,0.103,37.821,19.383,55.67,29.954,30.42,True,1,4777,Sarah Owen,Lab
E14001346,Luton South and South Bedfordshire,England,East of England,Lab,29.731,0.164,43.214,17.868,48.606,29.945,37.792,True,1,4873,Rachel Hopkins,Lab
E14001347,Macclesfield,England,North West,Lab,0.71,0.143,14.58,17.275,4.791,40.662,20.156,False,0,5287,Tim Roca,Lab
E14001348,Maidenhead,England,South East,LD,6.099,0.32,13.116,5.887,19.617,44.576,22.879,False,,5343,Joshua Reynolds,LD
E14001349,Maidstone and Malling,England,South East,Con,2.316,0.101,20.347,3.609,12.536,31.071,26.989,False,,4018,Helen Grant,Con
E14001350,Makerfield,England,North West,Lab,0.834,0.022,22.754,13.409,3.346,24.684,24.338,True,0,5060,Josh Simons,Lab
E14001351,Maldon,England,East of England,Con,0.589,0.193,17.974,13.856,3.971,26.416,20.851,False,0,39,John Whittingdale,Con
E14001352,Manchester Central,England,North West,Lab,15.985,0.279,46.817,34.731,38.599,40.67,53.39,True,0,4263,Lucy Powell,Lab
E14001353,Manchester Rusholme,England,North West,Lab,33.709,0.22,50.607,28.364,59.211,36.981,59.798,True,1,4671,Afzal Khan,Lab
E14001354,Manchester Withington,England,North West,Lab,14.14,0.704,23.023,33.505,28.271,54.461,44.233,True,0,4456,Jeff Smith,Lab
E14001355,Mansfield,England,East Midlands,Lab,1.082,0.035,29.033,8.482,5.108,21.915,23.921,False,0,5194,Steve Yemm,Lab
E14001356,Melksham and Devizes,England,South West,LD,0.501,0.094,18.321,4.689,3.69,34.816,19.268,False,0,5214,Brian Mathew,LD
E14001357,Melton and Syston,England,East Midlands,Con,0.943,0.06,20.641,11.734,10.591,30.106,21.878,False,0,4362,Edward Argar,Con
E14001358,Meriden and Solihull East,England,West Midlands,Con,3.452,0.145,22.179,10.41,14.321,34.812,23.172,True,0,4818,Saqib Bhatti,Con
W07000099,Merthyr Tydfil and Aberdare,Wales,Wales,Lab,0.469,0.015,29.103,21.147,2.635,25.4,25.286,False,,4501,Gerald Jones,Lab
E14001359,Mid Bedfordshire,England,East of England,Con,1.549,0.172,14.069,2.662,10.74,36.892,24.635,False,,5100,Blake Stephenson,Con
E14001360,Mid Buckinghamshire,England,South East,Con,1.624,0.317,12.731,10.884,9.312,43.139,20.191,False,0,4778,Greg Smith,Con
E14001361,Mid Cheshire,England,North West,Lab,0.56,0.068,22.797,21.506,3.977,30.364,24.941,False,,5195,Andrew Cooper,Lab
E14001362,Mid Derbyshire,England,East Midlands,Lab,0.602,0.057,14.846,3.95,4.764,35.88,20.602,True,0,5256,Jonathan Davies,Lab
E14001363,Mid Dorset and North Poole,England,South West,LD,0.454,0.158,19.281,2.731,3.16,31.369,19.075,False,0,5327,Vikki Slade,LD
S14000097,Mid Dunbartonshire,Scotland,Scotland,LD,1.433,0.045,6.93,18.342,7.046,45.519,17.84,True,0,5157,Susan Murray,LD
E14001364,Mid Leicestershire,England,East Midlands,Con,1.773,0.049,19.02,4.581,18.111,32.934,22.64,False,,5330,Peter Bedford,Con
E14001365,Mid Norfolk,England,East of England,Con,0.438,0.11,22.692,6.654,3.156,24.536,20.6,False,,4020,George Freeman,Con
E14001366,Mid Sussex,England,South East,LD,1.221,0.201,13.033,12.492,8.203,40.441,21.354,False,0,5283,Alison Bennett,LD
N05000010,Mid Ulster,Northern Ireland,Northern Ireland,SF,,,19.887,32.837,1.701,,26.207,,,5153,Cathal Mallaghan,SF
W07000100,Mid and South Pembrokeshire,Wales,Wales,Lab,0.536,0.053,28.126,4.028,2.574,30.425,20.94,False,0,5121,Henry Tufnell,Lab
E14001368,Middlesbrough South and East Cleveland,England,North East,Lab,1.167,0.025,29.223,0.563,3.572,27.559,23.473,False,0,5147,Luke Myer,Lab
E14001367,Middlesbrough and Thornaby East,England,North East,Lab,13.105,0.03,46.686,26.715,21.933,24.603,35.538,False,0,4269,Andy McDonald,Lab
S14000045,Midlothian,Scotland,Scotland,Lab,1.205,0.053,12.851,18.492,4.537,29.478,24.114,False,,5114,Kirsty McNeill,Lab
E14001369,Milton Keynes Central,England,South East,Lab,8.091,0.134,24.463,15.276,34.465,38.779,29.621,True,0,5139,Emily Darlington,Lab
E14001370,Milton Keynes North,England,South East,Lab,5.65,0.151,23.186,11.81,20.096,35.34,24.512,True,,5118,Chris Curtis,Lab
E14001371,Mitcham and Morden,England,London,Lab,12.693,0.157,30.935,41.456,47.911,40.05,31.292,True,,193,Siobhain McDonagh,Lab
W07000101,Monmouthshire,Wales,Wales,Lab,0.468,0.085,17.845,6.565,3.07,39.378,18.927,False,0,5291,Catherine Fookes,Lab
W07000102,Montgomeryshire and Glyndŵr,Wales,Wales,Lab,0.438,0.047,26.765,8.819,1.977,28.618,21.244,False,0,5221,Steve Witherden,Lab
S14000098,"Moray West, Nairn and Strathspey",Scotland,Scotland,SNP,0.303,0.061,14.276,2.15,2.454,30.182,21.286,False,0,5277,Graham Leadbitter,SNP
E14001372,Morecambe and Lunesdale,England,North West,Lab,0.431,0.069,24.894,12.1,2.487,31.804,19.75,False,0,5225,Lizzi Collinge,Lab
S14000099,"Motherwell, Wishaw and Carluke",Scotland,Scotland,Lab,1.887,0.024,15.188,18.155,4.637,24.795,24.737,False,0,3909,Pamela Nash,Lab
S14000027,Na h-Eileanan an Iar,Scotland,Scotland,Lab,0.222,0.0,11.805,28.356,1.66,31.144,16.793,False,0,5246,Torcuil Crichton,Lab
W07000103,Neath and Swansea East,Wales,Wales,Lab,1.016,0.027,24.162,16.511,4.394,27.263,27.82,False,,4480,Carolyn Harris,Lab
E14001373,New Forest East,England,South East,Con,0.304,0.116,20.707,18.782,3.315,29.651,19.082,False,0,54,Julian Lewis,Con
E14001374,New Forest West,England,South East,Con,0.369,0.152,21.523,12.085,3.127,32.764,15.838,False,0,55,Desmond Swayne,Con
E14001375,Newark,England,East Midlands,Con,0.622,0.089,22.926,6.682,3.867,32.655,20.867,False,0,4320,Robert Jenrick,Con
E14001376,Newbury,England,South East,LD,1.125,0.13,17.658,4.858,7.33,36.102,23.453,False,0,5310,Lee Dillon,LD
E14001377,Newcastle upon Tyne Central and West,England,North East,Lab,14.618,0.115,41.873,26.744,27.423,27.838,40.857,True,1,4124,Chi Onwurah,Lab
E14001378,Newcastle upon Tyne East and Wallsend,England,North East,Lab,3.41,0.099,32.954,30.285,11.558,29.997,38.354,True,0,4126,Mary Glindon,Lab
E14001379,Newcastle upon Tyne North,England,North East,Lab,4.206,0.306,16.024,36.535,13.038,44.037,36.279,True,,4125,Catherine McKinnell,Lab
E14001380,Newcastle-under-Lyme,England,West Midlands,Lab,2.183,0.058,24.477,12.795,8.447,28.55,29.114,False,0,5168,Adam Jogee,Lab
W07000104,Newport East,Wales,Wales,Lab,8.751,0.043,33.28,23.381,16.116,27.903,30.021,False,0,1548,Jessica Morden,Lab
W07000105,Newport West and Islwyn,Wales,Wales,Lab,1.786,0.064,22.331,21.139,6.384,31.166,24.039,False,0,4716,Ruth Jones,Lab
N05000011,Newry and Armagh,Northern Ireland,Northern Ireland,SF,,,25.629,33.723,1.718,,25.645,,,5292,Dáire Hughes,SF
E14001381,Newton Abbot,England,South West,LD,0.329,0.071,24.144,4.68,2.409,30.471,19.193,False,0,5111,Martin Wrigley,LD
E14001382,Newton Aycliffe and Spennymoor,England,North East,Lab,0.378,0.043,29.875,22.183,2.181,25.96,24.736,False,,5080,Alan Strickland,Lab
E14001383,Normanton and Hemsworth,England,Yorkshire and The Humber,Lab,0.622,0.041,29.391,18.328,3.146,21.957,24.857,False,0,410,Jon Trickett,Lab
N05000012,North Antrim,Northern Ireland,Northern Ireland,TUV,,,22.438,1.093,1.316,,23.619,,0,5356,Jim Allister,TUV
S14000048,North Ayrshire and Arran,Scotland,Scotland,Lab,0.396,0.036,17.044,8.402,1.878,25.945,20.247,False,,5145,Irene Campbell,Lab
E14001384,North Bedfordshire,England,East of England,Con,1.546,0.185,17.497,10.5,10.413,35.817,23.409,False,,3912,Richard Fuller,Con
E14001385,North Cornwall,England,South West,LD,0.243,0.074,29.638,19.43,2.677,27.95,18.685,False,0,5350,Ben Maguire,LD
E14001386,North Cotswolds,England,South West,Con,0.342,0.142,18.729,6.683,4.204,39.762,19.598,False,0,249,Geoffrey Clifton-Brown,Con
E14001387,North Devon,England,South West,LD,0.437,0.091,26.587,13.116,3.015,28.54,20.069,False,,5138,Ian Roome,LD
E14001388,North Dorset,England,South West,Con,0.291,0.114,20.675,3.198,2.767,30.938,18.747,False,0,4494,Simon Hoare,Con
N05000013,North Down,Northern Ireland,Northern Ireland,Ind,,,15.511,16.872,2.782,,20.861,,0,5262,Alex Easton,Ind
E14001389,North Durham,England,North East,Lab,0.497,0.026,28.638,14.13,2.4,26.289,23.367,False,0,5112,Luke Akehurst,Lab
E14001390,North East Cambridgeshire,England,East of England,Con,0.666,0.107,31.363,18.351,4.081,19.04,22.637,False,,4095,Steve Barclay,Con
E14001391,North East Derbyshire,England,East Midlands,Lab,0.378,0.06,21.699,3.822,2.726,27.584,21.471,False,0,5258,Louise Jones,Lab
S14000100,North East Fife,Scotland,Scotland,LD,0.657,0.177,12.81,31.546,4.915,36.495,27.126,False,0,4765,Wendy Chamberlain,LD
E14001392,North East Hampshire,England,South East,LD,0.72,0.125,10.881,1.141,6.873,43.346,20.981,False,,5263,Alex Brewer,LD
E14001393,North East Hertfordshire,England,East of England,Lab,0.826,0.305,17.987,3.661,8.984,37.363,22.182,False,0,5244,Chris Hinchliff,Lab
E14001394,North East Somerset and Hanham,England,South West,Lab,0.493,0.085,15.172,10.404,4.069,32.239,24.137,True,,221,Dan Norris,Lab
E14001395,North Herefordshire,England,West Midlands,Green,0.295,0.093,22.299,11.703,2.415,34.679,17.682,False,0,5249,Ellie Chowns,Green
E14001396,North Norfolk,England,East of England,LD,0.171,0.133,29.426,5.495,1.898,26.724,15.183,False,0,5164,Steffan Aquarone,LD
E14001397,North Northumberland,England,North East,Lab,0.379,0.07,22.39,10.374,1.834,32.734,16.804,False,0,5218,David Smith,Lab
E14001398,North Shropshire,England,West Midlands,LD,0.434,0.048,23.636,30.873,2.558,29.904,20.265,False,,4934,Helen Morgan,LD
E14001399,North Somerset,England,South West,Lab,0.484,0.085,12.576,1.188,3.882,39.574,18.108,False,,5312,Sadik Al-Hassan,Lab
E14001400,North Warwickshire and Bedworth,England,West Midlands,Lab,0.739,0.038,24.743,5.369,7.683,23.601,23.593,False,,5065,Rachel Taylor,Lab
E14001401,North West Cambridgeshire,England,East of England,Lab,2.913,0.105,25.147,0.088,13.239,29.971,26.123,True,,5308,Sam Carling,Lab
E14001402,North West Essex,England,East of England,Con,0.905,0.338,14.212,4.799,6.813,36.267,21.727,False,0,4597,Kemi Badenoch,Con
E14001403,North West Hampshire,England,South East,Con,0.957,0.067,17.983,6.47,8.163,33.987,25.019,False,0,4495,Kit Malthouse,Con
E14001404,North West Leicestershire,England,East Midlands,Lab,0.415,0.043,19.758,2.084,4.163,29.793,25.097,False,,5149,Amanda Hack,Lab
E14001405,North West Norfolk,England,East of England,Con,0.597,0.092,28.208,11.116,4.986,23.488,20.099,False,,4787,James Wild,Con
E14001406,Northampton North,England,East Midlands,Lab,7.244,0.087,31.865,21.558,22.915,27.639,32.353,True,0,5333,Lucy Rigby,Lab
E14001407,Northampton South,England,East Midlands,Lab,3.67,0.1,22.298,9.273,18.444,31.477,27.711,True,,5316,Mike Reader,Lab
E14001408,Norwich North,England,East of England,Lab,1.727,0.125,26.931,23.708,6.915,26.597,26.149,True,0,5133,Alice Macdonald,Lab
E14001409,Norwich South,England,East of England,Lab,2.901,0.257,30.159,29.358,13.839,36.258,40.482,True,0,4500,Clive Lewis,Lab
E14001410,Nottingham East,England,East Midlands,Lab,16.864,0.302,44.443,41.653,39.772,33.816,48.857,True,1,4869,Nadia Whittome,Lab
E14001411,Nottingham North and Kimberley,England,East Midlands,Lab,7.604,0.073,40.625,26.929,27.484,24.167,28.316,True,0,4641,Alex Norris,Lab
E14001412,Nottingham South,England,East Midlands,Lab,10.179,0.463,35.389,31.309,30.864,27.448,49.35,True,,4029,Lilian Greenwood,Lab
E14001413,Nuneaton,England,West Midlands,Lab,3.535,0.027,25.001,8.442,12.359,25.497,26.988,False,,5036,Jodie Gosling,Lab
E14001414,Old Bexley and Sidcup,England,London,Con,3.207,0.116,16.018,7.449,19.848,30.927,25.032,True,,4932,Louie French,Con
E14001415,Oldham East and Saddleworth,England,North West,Lab,20.841,0.077,40.884,15.867,27.524,26.809,27.55,True,1,4212,Debbie Abrahams,Lab
E14001416,"Oldham West, Chadderton and Royton",England,North West,Lab,32.125,0.049,47.854,12.9,40.596,22.815,31.499,True,,4569,Jim McMahon,Lab
S14000051,Orkney and Shetland,Scotland,Scotland,LD,0.174,0.049,9.821,37.737,2.023,30.761,20.148,False,0,1442,Alistair Carmichael,LD
E14001417,Orpington,England,London,Con,2.525,0.214,17.62,11.108,21.693,37.242,22.209,True,0,4798,Gareth Bacon,Con
E14001418,Ossett and Denby Dale,England,Yorkshire and The Humber,Lab,2.426,0.049,19.061,10.353,5.807,31.874,21.927,False,,5236,Jade Botterill,Lab
E14001419,Oxford East,England,South East,Lab,10.505,0.399,27.04,36.768,31.345,45.253,40.203,False,0,4657,Anneliese Dodds,Lab
E14001420,Oxford West and Abingdon,England,South East,LD,2.926,0.759,12.833,32.38,17.403,49.711,38.239,False,0,4656,Layla Moran,LD
S14000101,Paisley and Renfrewshire North,Scotland,Scotland,Lab,2.456,0.032,15.661,15.253,7.507,29.592,25.927,True,,5093,Alison Taylor,Lab
S14000102,Paisley and Renfrewshire South,Scotland,Scotland,Lab,1.158,0.049,16.19,15.81,4.947,28.347,26.594,True,0,5063,Johanna Baxter,Lab
E14001421,Peckham,England,London,Lab,11.305,0.338,37.187,39.25,58.538,49.679,43.608,True,0,5099,Miatta Fahnbulleh,Lab
E14001422,Pendle and Clitheroe,England,North West,Lab,16.434,0.034,36.046,1.929,19.499,29.015,24.594,False,,5264,Jonathan Hinder,Lab
E14001423,Penistone and Stocksbridge,England,Yorkshire and The Humber,Lab,0.583,0.06,16.952,19.877,3.379,30.166,20.358,False,,5098,Marie Tidball,Lab
E14001424,Penrith and Solway,England,North West,Lab,0.284,0.046,21.504,10.667,1.882,31.55,19.065,False,0,5124,Markus Campbell-Savours,Lab
S14000103,Perth and Kinross-shire,Scotland,Scotland,SNP,0.768,0.05,12.871,8.241,3.699,35.957,21.607,False,0,1440,Pete Wishart,SNP
E14001425,Peterborough,England,East of England,Lab,17.829,0.075,43.741,0.282,30.389,23.326,29.491,True,UNKNOWN,5243,Andrew Pakes,Lab
E14001426,Plymouth Moor View,England,South West,Lab,0.718,0.064,29.695,13.076,4.062,22.793,25.788,True,,5174,Fred Thomas,Lab
E14001427,Plymouth Sutton and Devonport,England,South West,Lab,2.372,0.105,31.742,31.662,9.824,30.942,39.68,True,0,4682,Luke Pollard,Lab
E14001428,"Pontefract, Castleford and Knottingley",England,Yorkshire and The Humber,Lab,0.545,0.027,28.837,18.439,3.523,21.552,27.126,False,0,420,Yvette Cooper,Lab
W07000106,Pontypridd,Wales,Wales,Lab,0.793,0.03,23.352,21.337,4.243,29.248,28.051,False,,4849,Alex Davies-Jones,Lab
E14001429,Poole,England,South West,Lab,1.013,0.328,24.448,0.04,6.46,32.283,22.444,False,0,5359,Neil Duncan-Jordan,Lab
E14001430,Poplar and Limehouse,England,London,Lab,35.862,0.364,48.261,29.175,59.874,53.958,51.774,True,0,4790,Apsana Begum,Lab
E14001431,Portsmouth North,England,South East,Lab,2.64,0.073,27.947,1.875,9.707,26.565,27.86,True,,5294,Amanda Martin,Lab
E14001432,Portsmouth South,England,South East,Lab,6.982,0.117,36.081,33.793,19.473,32.979,41.003,True,,4653,Stephen Morgan,Lab
E14001433,Preston,England,North West,Lab,18.15,0.053,37.283,13.23,29.878,28.79,38.23,False,,473,Mark Hendrick,Lab
E14001434,Putney,England,London,Lab,10.651,0.663,25.997,25.333,31.064,60.89,39.65,True,0,4788,Fleur Anderson,Lab
E14001435,Queen's Park and Maida Vale,England,London,Lab,24.676,1.614,38.841,38.894,52.809,47.833,36.821,True,,5305,Georgia Gould,Lab
E14001436,Rawmarsh and Conisbrough,England,Yorkshire and The Humber,Lab,0.755,0.031,30.272,20.375,3.242,21.269,25.077,False,0,400,John Healey,Lab
E14001437,Rayleigh and Wickford,England,East of England,Con,0.626,0.298,15.746,11.716,4.96,22.898,22.608,False,0,1444,Mark Francois,Con
E14001438,Reading Central,England,South East,Lab,9.245,0.216,23.208,27.902,34.18,45.186,37.888,True,,4654,Matt Rodda,Lab
E14001439,Reading West and Mid Berkshire,England,South East,Lab,3.105,0.172,19.829,2.924,14.267,36.033,22.296,True,,5337,Olivia Bailey,Lab
E14001440,Redcar,England,North East,Lab,0.959,0.03,31.748,8.697,2.694,24.205,22.803,False,,4449,Anna Turley,Lab
E14001441,Redditch,England,West Midlands,Lab,3.699,0.062,25.491,1.862,9.338,27.148,24.283,False,,5109,Chris Bloore,Lab
E14001442,Reigate,England,South East,Con,3.107,0.264,13.826,5.995,15.959,42.415,22.987,False,,5297,Rebecca Paul,Con
W07000107,Rhondda and Ogmore,Wales,Wales,Lab,0.384,0.032,33.193,21.756,2.341,21.885,25.936,False,0,1446,Chris Bryant,Lab
E14001443,Ribble Valley,England,North West,Lab,3.721,0.04,15.995,1.645,8.946,37.452,22.821,False,,5228,Maya Ellis,Lab
E14001445,Richmond Park,England,London,LD,5.702,0.888,10.47,32.861,23.562,64.103,22.923,True,,4591,Sarah Olney,LD
E14001444,Richmond and Northallerton,England,Yorkshire and The Humber,Con,0.291,0.052,20.678,25.11,3.961,35.016,20.893,False,0,4483,Rishi Sunak,Con
E14001446,Rochdale,England,North West,Lab,30.19,0.067,44.156,3.628,36.939,26.033,29.617,True,1,5071,Paul Waugh,Lab
E14001447,Rochester and Strood,England,South East,Lab,2.12,0.1,24.698,6.878,14.129,26.949,27.702,False,,5298,Lauren Edwards,Lab
E14001448,Romford,England,London,Con,7.523,0.744,25.402,3.321,27.569,30.893,28.268,True,0,1447,Andrew Rosindell,Con
E14001449,Romsey and Southampton North,England,South East,Con,2.739,0.118,17.855,4.38,11.112,37.734,27.68,False,,4048,Caroline Nokes,Con
E14001450,Rossendale and Darwen,England,North West,Lab,3.132,0.07,25.031,12.614,5.658,30.815,24.677,False,,5134,Andy MacNae,Lab
E14001451,Rother Valley,England,Yorkshire and The Humber,Lab,1.945,0.028,25.04,2.399,4.753,25.52,23.372,False,0,5082,Jake Richards,Lab
E14001452,Rotherham,England,Yorkshire and The Humber,Lab,10.266,0.034,37.199,14.865,15.948,21.515,28.354,True,0,4267,Sarah Champion,Lab
E14001453,Rugby,England,West Midlands,Lab,1.869,0.06,18.453,9.036,14.299,33.466,25.08,False,0,5127,John Slinger,Lab
E14001454,"Ruislip, Northwood and Pinner",England,London,Con,9.285,2.725,15.649,16.099,44.649,48.937,22.482,True,,4872,David Simmonds,Con
E14001455,Runcorn and Helsby,England,North West,Lab,0.606,0.066,25.313,34.796,3.488,28.774,23.94,False,,4667,Mike Amesbury,Lab
E14001456,Runnymede and Weybridge,England,South East,Con,2.4,0.34,14.702,15.806,14.521,40.947,23.98,False,0,4785,Ben Spencer,Con
E14001457,Rushcliffe,England,East Midlands,Lab,2.551,0.248,11.209,12.86,11.371,46.238,23.389,False,0,5047,James Naish,Lab
S14000104,Rutherglen,Scotland,Scotland,Lab,2.577,0.045,13.602,20.636,6.07,29.187,23.9,True,,4998,Michael Shanks,Lab
E14001458,Rutland and Stamford,England,East Midlands,Con,0.969,0.116,15.95,21.397,7.13,37.16,19.681,False,0,4805,Alicia Kearns,Con
E14001459,Salford,England,North West,Lab,6.214,2.784,37.672,38.034,23.215,37.561,51.205,True,0,4396,Rebecca Long-Bailey,Lab
E14001460,Salisbury,England,South West,Con,0.876,0.075,17.875,7.588,5.718,38.439,19.848,False,0,4051,John Glen,Con
E14001461,Scarborough and Whitby,England,Yorkshire and The Humber,Lab,0.717,0.051,29.299,12.229,3.218,27.92,20.262,False,0,5254,Alison Hume,Lab
E14001462,Scunthorpe,England,Yorkshire and The Humber,Lab,3.747,0.028,34.627,9.07,7.916,21.92,24.288,False,,4056,Nicholas Dakin,Lab
E14001463,Sefton Central,England,North West,Lab,0.438,0.11,15.135,38.53,3.038,35.441,19.213,False,,4061,Bill Esterson,Lab
E14001464,Selby,England,Yorkshire and The Humber,Lab,0.291,0.093,18.977,20.712,2.455,30.429,23.9,False,,4993,Keir Mather,Lab
E14001465,Sevenoaks,England,South East,Con,1.093,0.185,15.873,10.902,8.747,37.535,20.476,False,0,4780,Laura Trott,Con
E14001466,Sheffield Brightside and Hillsborough,England,Yorkshire and The Humber,Lab,18.544,0.063,44.921,36.695,31.0,22.758,32.166,True,1,4571,Gill Furniss,Lab
E14001467,Sheffield Central,England,Yorkshire and The Humber,Lab,14.64,0.198,28.481,26.054,33.097,45.567,62.244,True,0,5142,Abtisam Mohamed,Lab
E14001468,Sheffield Hallam,England,Yorkshire and The Humber,Lab,3.647,0.223,7.895,15.87,11.854,50.904,26.889,True,0,4864,Olivia Blake,Lab
E14001469,Sheffield Heeley,England,Yorkshire and The Humber,Lab,6.403,0.078,33.074,39.806,18.598,30.854,29.793,True,0,4473,Louise Haigh,Lab
E14001470,Sheffield South East,England,Yorkshire and The Humber,Lab,12.451,0.063,36.035,34.827,18.873,22.354,28.15,True,0,394,Clive Betts,Lab
E14001471,Sherwood Forest,England,East Midlands,Lab,0.626,0.06,24.39,11.186,4.87,26.474,24.17,True,,5226,Michelle Welsh,Lab
E14001472,Shipley,England,Yorkshire and The Humber,Lab,5.479,0.051,20.802,17.81,10.505,36.45,20.904,True,0,5281,Anna Dixon,Lab
E14001473,Shrewsbury,England,West Midlands,Lab,0.655,0.065,21.938,22.023,4.39,34.458,22.845,False,,5171,Julia Buckley,Lab
E14001474,Sittingbourne and Sheppey,England,South East,Lab,1.176,0.072,29.022,0.866,6.864,21.038,25.996,False,,5300,Kevin McKenna,Lab
E14001475,Skipton and Ripon,England,Yorkshire and The Humber,Con,0.776,0.117,17.219,3.087,3.086,37.551,17.674,False,0,4118,Julian Smith,Con
E14001476,Sleaford and North Hykeham,England,East Midlands,Con,0.451,0.056,18.666,8.949,2.932,29.808,21.798,False,,4592,Caroline Johnson,Con
E14001477,Slough,England,South East,Lab,31.053,0.051,33.532,8.427,64.938,34.854,31.928,False,1,4638,Tan Dhesi,Lab
E14001478,Smethwick,England,West Midlands,Lab,19.832,0.018,41.651,31.861,52.601,24.814,32.164,True,UNKNOWN,5059,Gurinder Josan,Lab
E14001479,Solihull West and Shirley,England,West Midlands,Con,7.526,0.127,14.042,9.856,22.572,39.94,22.246,True,0,5197,Neil Shastri-Hurst,Con
N05000014,South Antrim,Northern Ireland,Northern Ireland,UUP,,,17.226,17.507,2.724,,25.336,,0,5319,Robin Swann,UUP
E14001480,South Basildon and East Thurrock,England,East of England,RUK,2.014,0.168,26.511,0.248,13.318,22.273,26.78,False,,5361,James McMurdock,RUK
E14001481,South Cambridgeshire,England,East of England,LD,2.044,0.34,13.323,19.388,13.557,49.067,23.215,False,,5078,Pippa Heylings,LD
E14001482,South Cotswolds,England,South West,LD,0.45,0.132,15.451,9.511,4.747,39.717,19.206,False,0,5352,Roz Savage,LD
E14001483,South Derbyshire,England,East Midlands,Lab,0.747,0.033,20.101,9.113,7.034,31.155,24.718,False,0,5150,Samantha Niblett,Lab
E14001484,South Devon,England,South West,LD,0.373,0.151,25.205,14.544,2.705,34.87,16.88,False,0,5216,Caroline Voaden,LD
E14001485,South Dorset,England,South West,Lab,0.49,0.105,28.231,2.137,3.164,28.084,19.568,False,,5217,Lloyd Hatton,Lab
N05000015,South Down,Northern Ireland,Northern Ireland,SF,,,21.884,20.511,1.267,,24.011,,,4636,Chris Hazzard,SF
E14001486,South East Cornwall,England,South West,Lab,0.123,0.081,26.343,3.877,2.219,30.679,17.41,False,,5353,Anna Gelderd,Lab
E14001487,South Holland and The Deepings,England,East Midlands,Con,0.459,0.064,27.357,14.927,3.652,21.347,21.154,False,,350,John Hayes,Con
E14001488,South Leicestershire,England,East Midlands,Con,0.518,0.071,16.257,10.721,5.867,31.527,23.178,False,,4439,Alberto Costa,Con
E14001489,South Norfolk,England,East of England,Lab,0.707,0.13,15.86,5.7,5.306,35.187,21.233,False,,5205,Ben Goldsborough,Lab
E14001490,South Northamptonshire,England,East Midlands,Con,0.551,0.114,13.524,6.866,5.083,35.096,21.222,False,,5355,Sarah Bool,Con
E14001491,South Ribble,England,North West,Lab,0.853,0.067,18.265,13.915,4.277,33.084,22.059,False,0,5074,Paul Foster,Lab
E14001492,South Shields,England,North East,Lab,3.608,0.034,30.785,18.067,7.203,27.247,23.4,False,,4277,Emma Lewell-Buck,Lab
E14001493,South Shropshire,England,West Midlands,Con,0.3,0.048,22.66,3.144,2.283,33.17,16.79,False,,4742,Stuart Anderson,Con
E14001494,South Suffolk,England,East of England,Con,0.469,0.138,22.232,6.244,3.328,29.488,19.657,False,,4519,James Cartlidge,Con
E14001495,South West Devon,England,South West,Con,0.319,0.071,15.947,4.043,2.227,33.305,20.207,True,,5301,Rebecca Smith,Con
E14001496,South West Hertfordshire,England,East of England,Con,3.58,1.55,13.91,9.234,22.12,42.636,22.586,True,,4804,Gagan Mohindra,Con
E14001497,South West Norfolk,England,East of England,Lab,0.428,0.105,26.058,1.421,3.833,22.285,22.077,False,,5338,Terry Jermy,Lab
E14001498,South West Wiltshire,England,South West,Con,0.884,0.093,22.95,7.024,4.944,28.566,22.483,False,0,1466,Andrew Murrison,Con
E14001499,Southampton Itchen,England,South East,Lab,3.505,0.096,31.255,16.043,14.047,29.199,37.475,True,0,5270,Darren Paffey,Lab
E14001500,Southampton Test,England,South East,Lab,7.091,0.096,33.314,26.066,22.751,33.432,38.185,True,,5271,Satvir Kaur,Lab
E14001501,Southend East and Rochford,England,East of England,Lab,2.96,0.985,34.96,10.155,12.421,25.124,26.645,True,,5097,Bayo Alaba,Lab
E14001502,Southend West and Leigh,England,East of England,Lab,2.585,1.129,24.129,4.15,11.014,28.042,22.876,True,0,5106,David Burton-Sampson,Lab
E14001503,Southgate and Wood Green,England,London,Lab,14.388,1.99,35.399,33.5,41.649,42.832,28.916,True,0,4610,Bambos Charalambous,Lab
E14001504,Southport,England,North West,Lab,1.06,0.184,25.552,12.848,4.629,31.245,20.535,False,0,5052,Patrick Hurley,Lab
E14001505,Spelthorne,England,South East,Con,4.027,0.169,20.253,3.444,21.329,33.584,24.572,True,,5332,Lincoln Jopp,Con
E14001506,Spen Valley,England,Yorkshire and The Humber,Lab,7.367,0.049,26.899,15.071,11.656,27.763,24.055,True,,4923,Kim Leadbeater,Lab
E14001507,St Albans,England,East of England,LD,6.18,1.887,13.828,38.428,19.396,51.725,23.894,False,0,4769,Daisy Cooper,LD
E14001508,St Austell and Newquay,England,South West,Lab,0.116,0.086,29.501,5.285,2.811,26.423,21.73,False,0,5302,Noah Law,Lab
E14001509,St Helens North,England,North West,Lab,0.703,0.029,25.495,30.066,3.108,26.98,25.004,True,,5092,David Baines,Lab
E14001510,St Helens South and Whiston,England,North West,Lab,0.733,0.04,26.59,31.405,4.344,27.239,25.899,True,0,4457,Marie Rimmer,Lab
E14001511,St Ives,England,South West,LD,0.184,0.09,28.55,28.658,3.505,32.376,18.36,False,0,227,Andrew George,LD
E14001512,St Neots and Mid Cambridgeshire,England,East of England,LD,1.797,0.202,14.828,8.738,10.407,42.246,23.54,False,,5096,Ian Sollom,LD
E14001513,Stafford,England,West Midlands,Lab,1.318,0.052,22.025,9.987,7.769,34.046,23.196,False,,5290,Leigh Ingham,Lab
E14001514,Staffordshire Moorlands,England,West Midlands,Con,0.271,0.033,20.274,2.714,1.995,28.306,19.341,False,,4110,Karen Bradley,Con
E14001515,Stalybridge and Hyde,England,North West,Lab,5.82,0.026,29.557,22.93,10.449,26.29,26.445,True,0,4119,Jonathan Reynolds,Lab
E14001516,Stevenage,England,East of England,Lab,2.923,0.236,23.43,15.493,16.046,31.09,27.124,False,,5051,Kevin Bonavia,Lab
S14000105,Stirling and Strathallan,Scotland,Scotland,Lab,0.977,0.067,10.863,2.8,4.623,39.665,26.43,False,,5155,Chris Kane,Lab
E14001517,Stockport,England,North West,Lab,6.363,0.158,29.68,34.956,14.684,35.387,28.54,True,0,4811,Navendu Mishra,Lab
E14001518,Stockton North,England,North East,Lab,3.666,0.031,32.754,21.227,8.203,25.156,27.269,False,,5116,Chris McDonald,Lab
E14001519,Stockton West,England,North East,Con,2.416,0.028,14.889,4.398,6.722,36.785,21.195,False,0,4844,Matt Vickers,Con
E14001520,Stoke-on-Trent Central,England,West Midlands,Lab,9.901,0.037,40.671,18.161,19.047,22.309,33.573,True,,4595,Gareth Snell,Lab
E14001521,Stoke-on-Trent North,England,West Midlands,Lab,7.698,0.028,40.113,14.058,12.972,20.793,26.869,True,0,5151,David Williams,Lab
E14001522,Stoke-on-Trent South,England,West Midlands,Lab,5.457,0.032,30.575,1.531,10.137,25.813,23.228,True,0,5334,Allison Gardner,Lab
E14001523,"Stone, Great Wyrley and Penkridge",England,West Midlands,Con,0.922,0.042,19.892,12.78,5.124,30.735,21.637,False,,4108,Gavin Williamson,Con
E14001524,Stourbridge,England,West Midlands,Lab,6.464,0.03,31.113,7.706,13.287,26.974,25.362,True,0,5293,Cat Eccles,Lab
N05000016,Strangford,Northern Ireland,Northern Ireland,DUP,,,20.091,13.187,1.534,,22.022,,0,4131,Jim Shannon,DUP
E14001525,Stratford and Bow,England,London,Lab,32.165,0.312,43.758,26.785,60.816,48.438,48.817,True,1,5278,Uma Kumaran,Lab
E14001526,Stratford-on-Avon,England,West Midlands,LD,0.521,0.131,17.994,13.448,4.686,39.254,19.008,False,0,5122,Manuela Perteghella,LD
E14001527,Streatham and Croydon North,England,London,Lab,11.751,0.242,32.304,35.021,50.624,48.674,33.749,True,,4268,Steve Reed,Lab
E14001528,Stretford and Urmston,England,North West,Lab,12.53,0.188,25.179,35.107,26.516,35.672,27.841,True,,4979,Andrew Western,Lab
E14001529,Stroud,England,South West,Lab,0.303,0.111,17.84,20.623,3.373,37.504,20.273,False,0,5030,Simon Opher,Lab
E14001530,Suffolk Coastal,England,East of England,Lab,0.548,0.14,23.851,2.164,4.16,30.77,18.007,False,0,5160,Jenny Riddell-Carpenter,Lab
E14001531,Sunderland Central,England,North East,Lab,4.24,0.037,28.957,15.199,10.479,28.146,28.239,False,0,5028,Lewis Atkinson,Lab
E14001532,Surrey Heath,England,South East,LD,2.972,0.16,13.898,11.802,14.534,38.818,23.758,False,0,5288,Al Pinkerton,LD
E14001533,Sussex Weald,England,South East,Con,0.418,0.196,19.464,13.914,3.775,32.739,19.353,False,,4460,Nus Ghani,Con
E14001535,Sutton Coldfield,England,West Midlands,Con,4.008,0.115,11.994,5.261,18.556,41.221,20.48,True,0,1211,Andrew Mitchell,Con
E14001534,Sutton and Cheam,England,London,LD,7.768,0.223,17.805,7.984,32.07,42.14,23.667,True,,5103,Luke Taylor,LD
W07000108,Swansea West,Wales,Wales,Lab,5.602,0.095,29.971,23.88,13.417,30.12,36.826,True,,5069,Torsten Bell,Lab
E14001536,Swindon North,England,South West,Lab,1.928,0.072,21.466,9.29,13.207,26.367,25.569,True,0,5035,Will Stone,Lab
E14001537,Swindon South,England,South West,Lab,3.639,0.041,25.155,21.445,25.077,28.499,27.9,True,,4038,Heidi Alexander,Lab
E14001538,Tamworth,England,West Midlands,Lab,0.65,0.031,24.548,3.156,5.303,24.677,25.414,False,,5001,Sarah Edwards,Lab
E14001539,Tatton,England,North West,Con,1.748,0.365,12.339,2.188,7.234,44.977,18.741,False,,4084,Esther McVey,Con
E14001540,Taunton and Wellington,England,South West,LD,0.761,0.078,21.145,23.738,5.533,32.893,23.486,False,,5250,Gideon Amos,LD
E14001541,Telford,England,West Midlands,Lab,1.311,0.042,34.483,19.892,11.0,24.096,27.619,False,,5041,Shaun Davies,Lab
E14001542,Tewkesbury,England,South West,LD,0.951,0.072,19.535,12.901,6.213,34.977,22.271,False,0,5354,Cameron Thomas,LD
E14001543,The Wrekin,England,West Midlands,Con,3.69,0.053,26.332,1.765,11.039,29.665,25.461,False,0,1576,Mark Pritchard,Con
E14001544,Thirsk and Malton,England,Yorkshire and The Humber,Con,0.252,0.052,21.915,15.162,1.918,32.049,19.009,False,0,4474,Kevin Hollinrake,Con
E14001545,Thornbury and Yate,England,South West,LD,0.595,0.059,17.683,5.648,3.956,33.152,23.045,False,0,5140,Claire Young,LD
E14001546,Thurrock,England,East of England,Lab,6.306,0.125,29.419,17.237,28.821,28.817,29.8,False,,5056,Jen Craft,Lab
E14001547,Tipton and Wednesbury,England,West Midlands,Lab,7.687,0.016,40.13,10.628,29.446,18.937,28.857,True,,5048,Antonia Bance,Lab
E14001548,Tiverton and Minehead,England,South West,LD,0.172,0.065,25.844,7.385,1.869,30.659,17.792,False,,5252,Rachel Gilmour,LD
E14001549,Tonbridge,England,South East,Con,0.973,0.157,16.792,22.186,6.725,35.331,20.706,False,,4462,Tom Tugendhat,Con
E14001550,Tooting,England,London,Lab,10.57,0.454,23.915,36.808,33.448,61.776,45.651,True,0,4573,Rosena Allin-Khan,Lab
E14001551,Torbay,England,South West,LD,0.631,0.094,30.939,11.599,4.303,25.236,20.578,False,0,5066,Steve Darling,LD
W07000109,Torfaen,Wales,Wales,Lab,0.393,0.015,28.697,20.507,2.904,26.797,24.875,False,,4479,Nick Thomas-Symonds,Lab
E14001552,Torridge and Tavistock,England,South West,Con,0.17,0.095,27.125,7.773,1.802,28.503,17.424,False,,1508,Geoffrey Cox,Con
E14001553,Tottenham,England,London,Lab,15.868,4.431,51.91,38.443,52.972,41.15,38.774,True,1,206,David Lammy,Lab
E14001554,Truro and Falmouth,England,South West,Lab,0.494,0.107,22.645,16.216,4.789,37.213,26.48,False,0,5279,Jayne Kirkham,Lab
E14001555,Tunbridge Wells,England,South East,LD,1.749,0.194,16.161,16.013,8.782,41.501,21.171,False,0,5219,Mike Martin,LD
E14001556,Twickenham,England,London,LD,4.167,0.414,11.532,40.006,18.837,58.231,22.363,True,0,4776,Munira Wilson,LD
E14001557,Tynemouth,England,North East,Lab,1.331,0.068,19.349,31.92,4.863,37.501,21.066,True,0,529,Alan Campbell,Lab
N05000017,Upper Bann,Northern Ireland,Northern Ireland,DUP,,,23.292,15.638,4.18,,26.503,,0,4857,Carla Lockhart,DUP
E14001558,Uxbridge and South Ruislip,England,London,Lab,12.151,0.217,23.103,1.278,42.514,38.752,32.697,True,0,5339,Danny Beales,Lab
W07000110,Vale of Glamorgan,Wales,Wales,Lab,0.828,0.111,24.065,9.2,4.811,34.285,22.947,False,,5039,Kanishka Narayan,Lab
E14001559,Vauxhall and Camberwell Green,England,London,Lab,9.533,0.425,36.974,40.26,51.034,53.288,45.909,True,0,4870,Florence Eshalomi,Lab
E14001560,Wakefield and Rothwell,England,Yorkshire and The Humber,Lab,7.651,0.066,29.57,22.988,13.643,27.102,26.633,False,,4943,Simon Lightwood,Lab
E14001561,Wallasey,England,North West,Lab,0.768,0.079,29.492,42.1,4.352,27.06,23.813,False,,491,Angela Eagle,Lab
E14001562,Walsall and Bloxwich,England,West Midlands,Lab,21.858,0.024,48.382,13.213,41.285,23.243,32.161,True,,4076,Valerie Vaz,Lab
E14001563,Walthamstow,England,London,Lab,23.314,0.399,35.537,39.406,49.515,46.803,34.327,True,0,4088,Stella Creasy,Lab
E14001564,Warrington North,England,North West,Lab,1.422,0.084,24.277,22.951,5.46,28.24,23.442,False,,4799,Charlotte Nichols,Lab
E14001565,Warrington South,England,North West,Lab,2.188,0.078,17.126,22.83,7.656,35.498,23.89,False,,5154,Sarah Hall,Lab
E14001566,Warwick and Leamington,England,West Midlands,Lab,1.671,0.199,15.734,25.229,17.957,44.514,30.951,False,0,4617,Matt Western,Lab
E14001567,Washington and Gateshead South,England,North East,Lab,0.662,0.049,30.121,18.673,3.041,22.34,24.085,False,0,1521,Sharon Hodgson,Lab
E14001568,Watford,England,East of England,Lab,12.445,1.347,23.89,10.624,38.389,41.176,29.58,True,0,5130,Matt Turmaine,Lab
E14001569,Waveney Valley,England,East of England,Green,0.283,0.125,22.623,11.4,2.362,28.236,17.113,False,0,5320,Adrian Ramsay,Green
E14001570,Weald of Kent,England,South East,Con,0.539,0.127,21.695,16.608,4.218,32.603,19.343,False,0,5285,Katie Lam,Con
E14001571,Wellingborough and Rushden,England,East Midlands,Lab,1.764,0.077,27.845,12.472,13.396,24.005,25.77,False,,5011,Gen Kitchen,Lab
E14001572,Wells and Mendip Hills,England,South West,LD,0.225,0.091,19.204,22.079,2.773,36.011,18.676,False,,4089,Tessa Munt,LD
E14001573,Welwyn Hatfield,England,East of England,Lab,3.292,0.882,20.24,7.84,21.6,37.323,31.226,False,,5061,Andrew Lewin,Lab
S14000111,West Aberdeenshire and Kincardine,Scotland,Scotland,Con,0.561,0.034,7.34,7.028,4.107,38.533,17.659,False,,4601,Andrew Bowie,Con
E14001574,West Bromwich,England,West Midlands,Lab,11.674,0.027,36.706,26.189,45.616,23.969,29.88,True,0,5088,Sarah Coombes,Lab
E14001575,West Dorset,England,South West,LD,0.531,0.103,22.315,14.807,3.217,36.191,16.194,False,0,5326,Edward Morello,LD
S14000106,West Dunbartonshire,Scotland,Scotland,Lab,0.844,0.037,16.626,15.183,3.393,21.611,23.826,True,0,5057,Douglas McAllister,Lab
E14001576,West Ham and Beckton,England,London,Lab,25.078,0.124,45.628,25.459,61.601,41.926,43.439,True,1,5211,James Asser,Lab
E14001577,West Lancashire,England,North West,Lab,0.457,0.062,24.443,30.826,3.266,29.67,27.205,False,,4981,Ashley Dalton,Lab
E14001578,West Suffolk,England,East of England,Con,1.266,0.121,18.875,7.034,9.189,26.571,27.584,False,0,5062,Nick Timothy,Con
N05000018,West Tyrone,Northern Ireland,Northern Ireland,SF,,,21.733,36.428,1.121,,24.616,,,4697,Órfhlaith Begley,SF
E14001579,West Worcestershire,England,West Midlands,Con,0.427,0.088,20.388,11.972,3.159,38.446,18.283,False,0,4107,Harriett Baldwin,Con
E14001580,Westmorland and Lonsdale,England,North West,LD,0.294,0.08,19.049,43.349,2.244,36.994,18.344,False,0,1591,Tim Farron,LD
E14001581,Weston-super-Mare,England,South West,Lab,0.843,0.068,27.17,10.401,5.018,27.29,24.318,False,0,5172,Daniel Aldridge,Lab
E14001582,Wetherby and Easingwold,England,Yorkshire and The Humber,Con,0.637,0.678,10.772,9.273,4.095,40.933,17.675,False,0,3997,Alec Shelbrooke,Con
E14001583,Whitehaven and Workington,England,North West,Lab,0.383,0.03,23.016,31.754,1.811,25.148,22.53,False,,5033,Josh MacAlister,Lab
E14001584,Widnes and Halewood,England,North West,Lab,0.583,0.037,26.403,43.092,3.888,25.245,24.936,False,,429,Derek Twigg,Lab
E14001585,Wigan,England,North West,Lab,1.487,0.025,26.455,23.348,5.316,26.73,26.014,False,0,4082,Lisa Nandy,Lab
E14001586,Wimbledon,England,London,LD,7.492,0.546,13.537,22.934,31.182,60.51,27.779,True,,5321,Paul Kohler,LD
E14001587,Winchester,England,South East,LD,0.758,0.185,13.561,24.215,6.789,46.441,25.197,False,0,5304,Danny Chambers,LD
E14001588,Windsor,England,South East,Con,6.645,0.298,17.504,14.271,26.545,41.546,27.877,False,0,5340,Jack Rankin,Con
E14001589,Wirral West,England,North West,Lab,0.464,0.106,12.989,20.016,3.757,40.713,17.869,False,0,5162,Matthew Patrick,Lab
E14001590,Witham,England,East of England,Con,0.594,0.181,20.014,10.167,5.563,27.633,22.96,False,0,4066,Priti Patel,Con
E14001591,Witney,England,South East,LD,0.75,0.138,16.912,8.578,5.187,37.654,24.75,False,0,5325,Charles Maynard,LD
E14001592,Woking,England,South East,LD,9.361,0.215,18.351,23.359,21.564,44.723,24.973,False,0,5322,Will Forster,LD
E14001593,Wokingham,England,South East,LD,2.363,0.288,9.823,15.454,13.579,47.845,21.127,False,0,5207,Clive Jones,LD
E14001594,Wolverhampton North East,England,West Midlands,Lab,3.086,0.025,37.948,16.288,27.556,21.962,28.444,True,,5152,Sureena Brackenridge,Lab
E14001595,Wolverhampton South East,England,West Midlands,Lab,5.369,0.034,41.634,27.524,36.819,20.797,30.784,True,,1587,Pat McFadden,Lab
E14001596,Wolverhampton West,England,West Midlands,Lab,8.197,0.04,33.342,18.022,44.731,31.606,28.311,True,0,5230,Warinder Juss,Lab
E14001597,Worcester,England,West Midlands,Lab,4.069,0.049,25.951,15.457,10.004,33.726,29.545,False,,5087,Tom Collins,Lab
E14001598,Worsley and Eccles,England,North West,Lab,3.696,0.239,24.574,26.07,11.102,31.408,28.46,True,,5242,Michael Wheeler,Lab
E14001599,Worthing West,England,South East,Lab,1.442,0.262,23.752,7.744,7.36,30.832,20.289,False,,5307,Beccy Cooper,Lab
W07000111,Wrexham,Wales,Wales,Lab,1.335,0.039,24.159,14.733,4.62,30.176,24.702,False,,5046,Andrew Ranger,Lab
E14001600,Wycombe,England,South East,Lab,18.219,0.169,25.3,10.285,35.131,38.29,28.561,False,,4077,Emma Reynolds,Lab
E14001601,Wyre Forest,England,West Midlands,Con,1.039,0.041,27.175,1.798,4.12,26.084,21.575,False,,4074,Mark Garnier,Con
E14001602,Wythenshawe and Sale East,England,North West,Lab,5.337,0.255,26.749,37.335,19.916,33.425,27.208,True,,4316,Mike Kane,Lab
E14001603,Yeovil,England,South West,LD,0.545,0.055,25.211,25.061,4.138,27.464,22.191,False,0,5191,Adam Dance,LD
W07000112,Ynys Môn,Wales,Wales,PC,0.476,0.044,27.082,1.952,1.876,32.276,19.485,False,0,5085,Llinos Medi,PC
E14001604,York Central,England,Yorkshire and The Humber,Lab,1.628,0.15,22.49,44.212,9.737,38.476,45.397,False,0,4471,Rachael Maskell,Lab
E14001605,York Outer,England,Yorkshire and The Humber,Lab,0.756,0.117,12.926,18.376,4.29,39.165,21.047,False,0,5199,Luke Charters,Lab
